,text,lang,place_lat,place_lon,place_type,country,in_reply_to_user_id_str,user_id_str,followers_count,verified,pronoun,created_at,location,description
72,- amor tengo colicos - pasamelos yo me los aguanto por ti - tan marica no ? claro como sabe que no se los puedo pasar por eso me lo dice,es,4.262283503,-74.24367099999999,city,Colombia,,175439767,325,False,tu,Tue Jul 21 20:10:05 +0000 2015,,
127,"- hola hpta creida sabelotodo nickyjam no podemos poner eso - entonces pon : hola bebé , ya que contigo no sirve la labia y te crees muy sabia",es,10.8371265,-74.03709649999999,city,Colombia,,62556372,325,False,tu,Tue Jul 21 20:47:50 +0000 2015,"Cúcuta, Norte de Santander","Soy un Negro lindo, Soy feliz."
909,"- si a mi me perdono por tantas cosas , por que a ti no ? - precisamente por que tiene que ver con tigo , no lo hará c ;",es,4.262283503,-74.24367099999999,city,Colombia,,1365209540,298,False,tu,Thu Jul 23 18:16:58 +0000 2015,Colombia,"<U+2605><U+2606><U+2605><U+2606><U+2605><U+2606><U+2605> MILLONARIOS FC. <U+2606><U+2605><U+2606><U+2605><U+2606><U+2605><U+2606>             1946



<U+26BD>Fútbol<U+26BD>"
969,- tu me gustas mucho - porque lo dices ? - es que no puedo ni respirar por pensar tanto en ti - uyyy ojo marica que eso es por hay asma,es,4.262283503,-74.24367099999999,city,Colombia,,1119635124,2915,False,tu,Thu Jul 23 18:54:29 +0000 2015,bogota ,"instagram https://t.co/8mPgL8tlhp   canal youtube https://t.co/LyORutvGki 
pagina de fb https://t.co/04wmwY7gVT"
989,"- amor pa mi , amor pa mi . - para ti ya no .",es,1.075555498,-77.170498,city,Colombia,,127149816,162,False,tu,Thu Jul 23 19:05:53 +0000 2015,"Pasto, Nariño, Colombia",
1038,"- - - muerte : ¿ por que a mi todos me odian y a ti todos te aman ? - - - vida : ¿ por que soy yo una bella mentira , y tu una triste realidad ? .",es,10.95807288,-74.849933,city,Colombia,,807742447,85,False,tu,Thu Jul 23 19:30:43 +0000 2015,,Elimina de tu vida todo aquello que te cause estrés y te quite la sonrisa #05 #23
1306,"- ya viste , tu prima salió embarazada - si mamá ya vi - que bueno que tú sigues siendo virgen hijita ...",es,7.754866998,-72.5371965,city,Colombia,,1476023934,227,False,tu,Fri Jul 24 18:05:31 +0000 2015,,
1310,- todos mis tweets son sólo para ti . -,es,2.427761996,-72.073353,city,Colombia,,751365846,291,False,tu,Fri Jul 24 18:09:37 +0000 2015,,Maria Elena Rozo y José Jair Mejía
1679,- ¿ y por qué la mala cara ? - es que llegaste tú .,es,4.811547,-75.6123815,city,Colombia,,92205560,455,False,tu,Sat Jul 25 17:04:06 +0000 2015,Pereira-Colombia,"Cocina, fotografía, felicidad, barba, medicina, tranquilidad."
1889,"- te mereces algo mejor . - pero amor , yo solo te quiero a ti . - ¿ perdón ? estaba hablando conmigo mismo jajajaja .",es,4.812912999,-75.73750600000001,city,Colombia,,2160278546,578,False,tu,Sat Jul 25 18:42:49 +0000 2015,Pereira.,"TECHNO 24/7,Real madrid CF."
2240,"- en serio no la soporto , me cae muy mal . menos tú ya no hablas con ella ¿ cierto amor ? -",es,5.056934001,-75.560285,city,Colombia,,415165815,450,False,tu,Sun Jul 26 01:14:30 +0000 2015,,Snap: valeriasanchez3
2242,"- en serio no la soporto , me cae muy mal . menos mal tú ya no hablas con ella ¿ cierto amor ? -",es,5.056934001,-75.560285,city,Colombia,,415165815,450,False,tu,Sun Jul 26 01:15:27 +0000 2015,,Snap: valeriasanchez3
2300,"- bueno , ¿ a ti que te pasa ? - nada . - nada nunca significa nada .",es,4.262283503,-74.24367099999999,city,Colombia,,194386254,872,False,tu,Sun Jul 26 13:32:58 +0000 2015,En amarte. ,PUNK ROCK. wa:3212379288
2404,- te quiero . - y yo a ti pero no te quiero a mi lado .,es,5.056934001,-75.560285,city,Colombia,,2812536533,796,False,tu,Sun Jul 26 18:06:52 +0000 2015,,09-07-2013.
2688,"- señor alcalde , las calles de la ciudad están llenas de huecos - tú tranquilo * javier fernández franco , gobernando a florida en 2017 .",es,3.5704285039999997,-76.3486225,city,Colombia,,50857319,1218,False,tu,Sun Jul 26 16:54:44 +0000 2015,Palmirópolis,"#YHWH #LosDelRojo 1983, América de Cali, Cristiano, Salve Valle del Cauca mi tierra, Antiuribista, Diseñador Industrial, Ex-Instructor SENA y Felizmente Casado"
3146,"- sí , nos dejamos de hablar es por ti , por mi ? , jajaja y vea . -",es,4.262283503,-74.24367099999999,city,Colombia,,752037756,504,False,tu,Mon Jul 27 00:16:29 +0000 2015,,Independiente Santa Fe [| °)  <U+10E6> TIAN 31
3238,- #mifrasefavoritadevallenatoes - ? bonita y apasionada como mi bucaramanga y así eres tú de elegante cual cartagena de mi alma ? @bucaramanga,es,7.063666499,-73.0964135,city,Colombia,,240478767,1319,False,tu,Fri Sep 25 15:19:17 +0000 2015,Colombia-Bucaramanga,"Adicto al Futbol Deportivo Cali y Real Madrid.
No le gusta lo que escribo ahorrese sus opiniones y no me SIGAN.#HalaMadrid #JR10 #CR7. Est.Ingenieria Industrial"
3463,"- yo nunca me cansaré de ti . - jajajajajajajajajaja , paja .",es,3.5704285039999997,-76.3486225,city,Colombia,,1027356091,92,False,tu,Mon Jul 27 20:34:02 +0000 2015,,
3526,- nunca había sentido esto que siento por ti - #nochimbeeparce,es,4.262283503,-74.24367099999999,city,Colombia,,115192968,193,False,tu,Mon Jul 27 21:09:36 +0000 2015,bogota colombia ,"proyectando mi vida, viviendo mi realidad...<U+2665>"
3530,- sólo contigo - #nochimbeeparce,es,4.262283503,-74.24367099999999,city,Colombia,,1112470423,456,False,tu,Mon Jul 27 21:12:02 +0000 2015,,=3  hija del rey ^-^ #PorEsaLuna !  insta:lore11angie   Si Dios Esta Conmigo Por Que Yo Tendría Miedo ^-^
3647,"- mientras tú me ignoras .. - mientras tú me ign ... - mientr - mientras tú me ignoras . - ... - oiga boba marica , le estoy hablando ! !",es,4.489758996,-74.26021300000001,city,Colombia,,330654248,1190,False,tu,Sun Jul 26 22:42:06 +0000 2015,Bogotá - Colombia,"Mancito es el diminutivo de man, ¿Captas?. No esperen nada bueno de mi, aunque twitteo para ustedes."
3686,- y se preocupa por ti ? - pues,es,11.07346239,-73.92732164,city,Colombia,,176684527,1371,False,tu,Sun Jul 26 23:10:47 +0000 2015,Santa Marta,"Ingeniera, de las amargadas y groseras."
3712,"- oye a ti te dan descuento por trabajar en linio ? - no hijueputa , nooooo ! ! !",es,4.262283503,-74.24367099999999,city,Colombia,,326367038,337,False,tu,Sun Jul 26 23:20:14 +0000 2015,Colombia,"23 bien vividos. Me emputo porque sí, porque no y por si acaso pero me hago querer.
Atlético Nacional<U+2661>"
3714,"- tienes novio ? - no :| - tan linda y sin novio ? no va :( - jajaja y tú , tienes novia ? - no tampoco :| - me lo imagineeeeeee jajajaja",es,6.270882997999999,-75.619213,city,Colombia,,82138048,998,False,tu,Sun Jul 26 23:21:31 +0000 2015,Medellin - Colombia,"Enamorado de la vida, luchador incansable, escritor por gusto y diseñador por accidente. Socio fundador de @CariocaAgencia"
3995,"- mi amor , ¿ tú eres virgen ? - claaaro ...",es,4.262283503,-74.24367099999999,city,Colombia,,448625880,426,False,tu,Mon Jul 27 22:47:06 +0000 2015,Bogotá - Colombia.,"Ingeniero en Formación..........................
Millonarios F.C. / Real Madrid C.F."
4214,"- amor tengo muchos cólicos :( - pásamelos a mi yo me los aguanto por ti mi vida * - * - y como se los voy a pasar hijueputa bobo , mejor bai - ay :(",es,4.448673,-75.3155775,city,Colombia,,485139478,799,False,tu,Tue Jul 28 22:37:56 +0000 2015,"Ibagué, Tolima",Guasap: 3222118737
4299,- a mí me gustan como tú . -,es,4.262283503,-74.24367099999999,city,Colombia,,293171301,1005,False,tu,Thu Jul 30 01:08:42 +0000 2015,Bogotá D.C - Colombia ,"No soy bueno en esto, pero sígame."
4549,- solo pienso en ti solo te amo a ti <3 3 - #nomehablemierdamejorcomasela,es,6.270882997999999,-75.619213,city,Colombia,,2824008585,258,False,tu,Thu Jul 30 00:36:56 +0000 2015,"Bogotá, Colombia",Nunca le falles a alguien que te quiere de verdad. <U+2661>___<U+2661>   <U+2661>Stam Mc<U+2661>   <U+2661> R&R <U+2661>  <U+2661>#?<U+2661>     <U+2661>Yadira Rodriguez<U+2661>
4645,"- oye , ya pasó el tiempo y quiero volver contigo . te he extrañado . - #nolohagasesraro",es,4.262283503,-74.24367099999999,city,Colombia,,2302169498,81,False,tu,Wed Jul 29 23:50:27 +0000 2015,Bogotá D.C,
4829,- te quiero sólo a ti . -,es,4.262283503,-74.24367099999999,city,Colombia,,418045680,647,False,tu,Thu Jul 30 01:37:08 +0000 2015,SanMateo,<U+2764>
5904,- eres muy seria . - o tú muy payaso .,es,4.262283503,-74.24367099999999,city,Colombia,,65653537,101,False,tu,Mon Aug 03 17:53:31 +0000 2015,,"Bogotana, Rarita...                                                   Hecha por artesanos de material inusual."
6244,- ¿ tienes novio ? - no . - ¿ por qué ? - porque no me dejan ? - ¿ y tú tienes novia ? - no . - ¿ por qué ? - porque no te dejan . <u+2764>,es,4.262283503,-74.24367099999999,city,Colombia,,2527676330,659,False,tu,Mon Aug 03 16:52:06 +0000 2015,MALUMA,<U+263A><U+2665><U+2665><U+263A>
6416,- ya le dije a los muchachos q ando contigo pra q no me inviten a nada - y que todos se enteren q andas con la loca psicopata sometedora !,es,4.262283503,-74.24367099999999,city,Colombia,,373134145,33217,False,tu,Mon Aug 03 00:51:28 +0000 2015,En Mi Casa,All Against Discrimination  / Cuenta oficial  Twittear con el corazón http://instagram.com/juandavidlatino
6625,"- - que locura enamorarme de ti , que locura fue fijarme justo en ti 8 '",es,4.262283503,-74.24367099999999,city,Colombia,,2349375926,744,False,tu,Tue Aug 04 18:36:21 +0000 2015,,"--
LA EDAD NO HACE LA MADURES , NI LAS PALABRAS LA EXPERIENSA : SEPALO ;)"
6677,"- quiero volver contigo .. - ¿ volver conmigo ? envía la palabra "" sueña "" al 5050 y ganaras un paracaídas para que se baje de esa nube .",es,4.262283503,-74.24367099999999,city,Colombia,,2432246326,646,False,tu,Tue Aug 04 17:18:57 +0000 2015,,"<U+2764> fútbol, cerveza y sexo <U+2764>"
6900,- ¿ por qué sigues aquí ? ¿ qué es lo que quieres ? - te quiero a ti . # i #don't #get #out #of #my,es,4.812912999,-75.73750600000001,city,Colombia,,2461861519,1669,False,tu,Tue Aug 04 22:23:07 +0000 2015,"Quimbaya, Quindio","Me gusta estar solo... por lo menos así no tengo que fingir
que todo el mundo me agrada."
6964,- no te conozco pero la energía - yo me tome una foto contigo - ahhhh jajajajaja re sonsa,es,4.262283503,-74.24367099999999,city,Colombia,,2725343733,973,False,tu,Tue Aug 04 22:55:09 +0000 2015,,<U+2665><U+2605>HIP-HOP VIDA DE MI VIDA SANGRE DE MIS VENAS MI FORMA DE VIDA<U+2757> DE MILLONARIOS FC DE LA CUNA HASTA EL ATAUD  <U+2764>
7207,- tefa me acorde de ti - y eso ? - estaba en el éxito y pase por esta sesión,es,6.997779996,-73.83678950000001,city,Colombia,,547126408,288,False,tu,Wed Aug 05 00:41:15 +0000 2015,Colombia,"Estudiante de Gastronomía UNAB. Bucaramanga/Santander
http://Soyunencarte.wordpress.com"
7243,"- amor , espera que mi celular se cargó - queras decir "" descargo "" - cargado , descargado . igual no quiero hablar contigo .",es,4.262283503,-74.24367099999999,city,Colombia,,1066302878,5346,False,tu,Wed Aug 05 00:54:26 +0000 2015,5.73133E+11,"<U+2665>.l.<U+2665>   Estudiante UD , Skater , Beatboxer.   AriasNicoo(Snapchat &Instagram)"
7619,"- y que haces ? - soñar contigo princesa y amarte - a severa flor , yo sólo quiero sexo y q me de duro "" todas las mujeres """,es,4.762178502,-75.72811999999999,city,Colombia,,570931167,332,False,tu,Thu Aug 06 14:48:48 +0000 2015,pereira colombia,Andres Betancur aka DJ CRASH BEAT cargando de buena música las discotecas de america .. en INSTAGRAM http://instagram.com/djcrashbeat
7642,"- hablamos luego . - ya te vas a dormir ? - no , solo no tengo ganas de hablar contigo .",es,4.262283503,-74.24367099999999,city,Colombia,,721214263,337,False,tu,Thu Aug 06 15:09:30 +0000 2015,Colombia Bogotà,#MasEchosMenosPalaras
8498,- y si quedamos como amigos ? - y si te cobro todo lo que me gaste contigo ?,es,4.262283503,-74.24367099999999,city,Colombia,,190858944,9622,False,tu,Tue Aug 11 02:33:44 +0000 2015,Bogota,pkpublicidad1225@gmail.com Diseñador Gráfico en @printerk1225 Wpp 3138977736 http://www.printerk.com
8726,- ay a ti te quedaría súper bien un tatuaje . - si ? y como que tatuaje ? - el de falso en toda la frente idiota !,es,2.437771999,-76.6415,city,Colombia,,634922725,408,False,tu,Tue Aug 11 04:13:20 +0000 2015,Colombia,
8793,- de cerca todo es mas feo . - tú no .,es,4.262283503,-74.24367099999999,city,Colombia,,152764669,7401,False,tu,Tue Aug 11 04:35:46 +0000 2015,,believe.
8862,"- amor , ve que no te vas a venir en la boca . - bueno ... - confío en ti mi amosdfghjklzxcvtr",es,10.39044865,-75.5496353,city,Colombia,,271219560,46,False,tu,Tue Aug 11 01:50:08 +0000 2015,Cartagena - Colombia.,Snap; Andress_pipe
9055,- quería decirte que hoy te pensé mucho - ahhh que lindooooooooo - si tuve una erección y me acorde de ti - @ $ / @ & # * ^ @ / ! $ ! / & @ &,es,4.262283503,-74.24367099999999,city,Colombia,,227076746,1166,False,tu,Tue Aug 11 03:03:59 +0000 2015,,"En esta cuenta se escriben Muchas incoherencias. Amo a @SantaFe y que?
AntiUribista"
9235,"- es que tú me gustas mucho , quisiera ser algo más que amigos . - que violencia .",es,5.056934001,-75.560285,city,Colombia,,1531508498,490,False,tu,Fri Aug 14 17:44:30 +0000 2015,Villamaria-Caldas,LOS ALDEANOS
9332,"- estoy enamorada . - tienes que hablar con él . - ya le dije . - ¿ y qué te dijo ? - "" tienes que hablar con él "" - habla tú con él - . - wtf ?",es,10.95807288,-74.849933,city,Colombia,,716870436,418,False,tu,Fri Aug 14 18:40:54 +0000 2015,,Mi vida gira entorno a dos hombres: Él y papi<U+2665>
9591,"- estoy cansado de ti , te lo tomas todo de forma filosófica . - ¿ qué es : "" tomárselo todo ? es mas ¿ qué es "" todo "" ?",es,10.95807288,-74.849933,city,Colombia,,744948211,19114,False,tu,Tue Aug 25 21:58:01 +0000 2015,Barranquilla - Colombia.,"Antes era @alcoh0lico
El Señor me castigó con presencia y plata, hijueputa."
9782,- mi querido pésame . - ¿ porque ? - porque mis sentimientos han muerto por ti .,es,4.262283503,-74.24367099999999,city,Colombia,,930615134,155,False,tu,Tue Aug 25 23:30:46 +0000 2015,,"Distrito 4 | K-pop for ever |electronica | juancamilo | agnosticismo :3   gu jun pyu :jandi , jandi :we too , go jun pyuo : saranghae :3"
9994,"- tan bonita y sin ... - sin novio ? pues si , estoy sola y khé - iba a decir sin culo pero no importa , estoy contigo . * culean *",es,4.262283503,-74.24367099999999,city,Colombia,,2968615469,18896,False,tu,Wed Aug 26 00:53:28 +0000 2015,,Mis estupideces en 140 caracteres//14<U+2764>//Contacto: DesparchadoEl@gmail.com.
10223,- me amarás ? - siempre - y si engordo ? - rodare contigo - y si envejezco ? - compartiremos bastón - y si dejo de amarte ? - malparida piroba,es,4.262283503,-74.24367099999999,city,Colombia,,12605842,1972,False,tu,Thu Aug 27 00:24:58 +0000 2015,Bogotá D. C.,Ni de aquí ni de allá
10304,- de cerca todo es más feo . - tú no . <u+2764>,es,4.262283503,-74.24367099999999,city,Colombia,,2196742639,224,False,tu,Thu Aug 27 00:57:02 +0000 2015,,YOU COULD BE ME...
10314,"- oye te amo , volvamos , eres el amor de mi vida . + pero te metiste con mi "" amiga "" - pero te amo , sin ti me muero jajajajaa mi ex todo el tiempo",es,4.262283503,-74.24367099999999,city,Colombia,,2230511511,557,False,tu,Thu Aug 27 01:02:32 +0000 2015,"Bogotá, Colombia",@LosPetitFellas Integrante del mejor Club. @ClubDeLaResiste.  Amante de volar en dos ruedas.
10357,- quisiera estar contigo . - haciendo que ? - cualquier tontería ... lo importante es estar juntos .,es,7.063666499,-73.0964135,city,Colombia,,562928318,455,False,tu,Thu Aug 27 01:17:24 +0000 2015,,https://instagram.com/karencc14
10751,"- lo que tu dices que son tus peores defectos , para dios son los mejores pretextos para acercarse a ti . -",es,4.262283503,-74.24367099999999,city,Colombia,,14528984,70832,False,tu,Thu Aug 27 03:17:17 +0000 2015,México/Bogotá,https://www.facebook.com/OficialPacoPalafox
10752,"- lo que tú dices que son tus peores defectos , para dios son los mejores pretextos para acercarse a ti . -",es,4.262283503,-74.24367099999999,city,Colombia,,14528984,70832,False,tu,Thu Aug 27 03:18:26 +0000 2015,México/Bogotá,https://www.facebook.com/OficialPacoPalafox
10841,"- - es por que no me importa lo que digan los de mas , yo contigo quiero estar [ diez ]",es,4.262283503,-74.24367099999999,city,Colombia,,2349375926,754,False,tu,Thu Aug 27 03:43:33 +0000 2015,,"--
LA EDAD NO HACE LA MADURES , NI LAS PALABRAS LA EXPERIENSA : SEPALO ;)"
10907,- - cerca de ti es el unico lugar en el que quiero estar [ diez ],es,4.262283503,-74.24367099999999,city,Colombia,,2349375926,754,False,tu,Thu Aug 27 03:59:31 +0000 2015,,"--
LA EDAD NO HACE LA MADURES , NI LAS PALABRAS LA EXPERIENSA : SEPALO ;)"
11447,- ¿ y yo que soy para ti ? - un maldito fastidio .,es,0.614055499,-77.37490749999999,city,Colombia,,1491829044,224,False,tu,Sat Aug 29 23:04:05 +0000 2015,,"arriba el sol<U+2600>, abajo el reflejo de cómo estalla mi alma."
11476,- y tú mejor amiga ? - conoció más gente .,es,4.836572499,-74.056297,city,Colombia,,218612860,416,False,tu,Sat Aug 29 23:24:38 +0000 2015,Colombia,
11481,- dime algo bonito ... - tú .,es,4.262283503,-74.24367099999999,city,Colombia,,112585591,983,False,tu,Sat Aug 29 23:26:42 +0000 2015,Bogotá - Colombia,Soy un árbol de canciones. El amor no se siente; se piensa.
11597,- todo de mi ama todo de ti - #aychupelo,es,4.262283503,-74.24367099999999,city,Colombia,,2750156353,967,False,tu,Sun Aug 30 01:33:54 +0000 2015,"Bogotá, Colombia",<U+2764>Skate or Die <U+2764> Lana Del Rey <U+2665>
11643,"- oye , quiero volver contigo - #aychupelo",es,4.262283503,-74.24367099999999,city,Colombia,,1335209372,253,False,tu,Sun Aug 30 01:52:59 +0000 2015,"Bogotá,",WhatsApp: 3005914365.
12204,- tú . - si * ~ * - y yo . - si * ~ * - y zaboomafoo <u+266b> -,es,4.262283503,-74.24367099999999,city,Colombia,,122516385,1152,False,tu,Fri Aug 14 20:45:41 +0000 2015,"Santa Fe de Bogotá, Colombia.","'93 / Santa Fe / Bull Terrier / Thrash Metal / Plutón sigue siendo un planeta. Together we stand, divided we fall."
12564,- mi amor ya esta el desayuno ¿ por que quieres empezar ? - por ti * qlean en el lava platos *,es,4.262283503,-74.24367099999999,city,Colombia,,1935888115,2204,False,tu,Sat Aug 15 16:13:05 +0000 2015,Bogota-Colombia,"Dj-Productor | La rebeldía no debería ser juzgada, si no acompañada | WA 310 790 6443"
12605,"- te amo - a mi y a cuantas más ? - sólo a ti "" enserio "" - #despegueladeakilok",es,4.7273025,-74.213188,city,Colombia,,581323451,188,False,tu,Sat Aug 15 16:26:43 +0000 2015,Mosquera,Te Amo JAJAJA Si parcero como diga.
12630,- te amo - ¿ como sabes que es amor ? - porque cuando te veo o pienso en ti no puedo respirar . - eso es asma - bueno entonces te asmo mucho jaja,es,4.262283503,-74.24367099999999,city,Colombia,,561549377,3985,False,tu,Sat Aug 15 16:39:12 +0000 2015,C O L O M B I A,"B I E N V E N I D O S: me llamo William, soy cantante// músico //adicto a twitter // Yo tuiteo lo que pienso en solo 140 caracteres// https://t.co/dvKhlTS5e4"
12731,"- hablamos luego - ya te vas a dormir ? - no , solo no tengo ganas de hablar contigo .",es,10.95807288,-74.849933,city,Colombia,,445801541,2361,False,tu,Sat Aug 15 18:02:26 +0000 2015,,[[Big Time Rush]] [[Calvin Harris]] [[@ingrosso]]  {<U+263A>@Peacemusic_love <U+263A>}<U+266B><U+266B><U+266B>
12831,"- quiero volver contigo ! - volver conmigo ? envía "" sueña "" al 5050 y podrás ganar un paracaídas para que te bajes de esa nube sin que te duela",es,6.934080002000001,-73.0424375,city,Colombia,,2948418406,26,False,tu,Sun Aug 16 23:53:55 +0000 2015,Piedecuesta / Santander,
12939,"- lo q mas me duele es esta palabra - yo hago , dejo todo por ti",es,4.448673,-75.3155775,city,Colombia,,3045177595,159,False,tu,Sun Aug 16 23:02:49 +0000 2015,WhatsApp: 3219014766,
12944,- para ti que es perfeccion -,es,4.0882915,-73.4704055,city,Colombia,,2847198695,765,False,tu,Sun Aug 16 23:06:44 +0000 2015,Colombia,"transformare un segundo en un para siempre ;amc // are my pride and joy, camila cabello // abraham, como respuesta a todo // 5h is life"
13176,"- mamá ¿ qué es ironía ? - lo que te pasa a ti , tienes 16 años , estás embarazada y prefieres ponerle protector a tu celular y no a los penes .",es,6.270882997999999,-75.619213,city,Colombia,,2893809706,1467,False,tu,Sun Aug 16 16:24:26 +0000 2015,,"You have what I want, I want, what I love, you've got it. http://ovniweon.tumblr.com"
13603,- pide un deceso - a ti ... d . v,es,4.812912999,-75.73750600000001,city,Colombia,,2895442912,526,False,tu,Mon Aug 17 19:24:27 +0000 2015,,N.M...
13844,- ¿ porque deberías ayudarme ? - porque soy capaz de tomar tu mano y arriesgar mi propio equilibrio con tal de mantenerte a ti a flote .,es,4.262283503,-74.24367099999999,city,Colombia,,1444833768,282,False,tu,Sun Aug 23 01:08:01 +0000 2015,,Hasta el final.
14066,"- ¿ mafe , y tú de que hablas con tu novio ? - ehh , puess , del clima de ibagué y bogotá ...",es,4.448673,-75.3155775,city,Colombia,,343023628,204,False,tu,Sun Aug 23 18:03:43 +0000 2015,,Architecture.<U+270F><U+FE0F> instagram: Marianchi13
14189,"- gano 10.000 dólares al mes y vivo mejor que tu . - bien por ti , al menos mi novia no necesita comprar viagra ...",es,7.144792999,-73.132697,city,Colombia,,893119226,1157,False,tu,Sun Aug 23 18:56:33 +0000 2015,¡Colombia que rico País!,Escribiendo...
14586,- ¿ como vas con tu novio ? - bien ya vamos para dos años juntos y ¿ tú ? - taaaan lindos . - y ¿ tú ? - enserio ojalá duren muchooo .,es,4.7273025,-74.213188,city,Colombia,,1026374305,353,False,tu,Sun Aug 23 22:56:43 +0000 2015,,"Maria Ramirez.
HIP-HOP.
15 años.
WA: 31433700549.
instagram: @_EMBAJADORA
THG.
Saxofonista."
15325,- ¿ tienes novio ? - no . - ¿ por qué ? - porque no me dejan .. - ¿ y tú tienes novia ? - no . - ¿ por qué ? - porque no te dejan .,es,5.038591498,-74.015434,city,Colombia,,2837453663,530,False,tu,Mon Aug 31 22:31:10 +0000 2015,"Zipaquirá, Cundinamarca",<U+2764>Millonarios F.C<U+2764>David Guetta<U+26BD>Real Madrid<U+26BD>
16103,"- no te vayas , quédate conmigo . - por qué ? - porque te necesito . - me necesitas ? por qué ? - porque tú cambias mis lágrimas por sonrisas .",es,10.95807288,-74.849933,city,Colombia,,3408102772,209,False,tu,Tue Sep 01 22:32:43 +0000 2015,"Barranquilla, Atlántico",Adrian Felipe Acosta Herrera.
16326,- tiempo sin saber de ti - ay vaya a dormir,es,4.262283503,-74.24367099999999,city,Colombia,,357208810,183,False,tu,Wed Sep 02 00:19:08 +0000 2015,,"el compromiso revolucionario del estudiante, debe llevarlo hasta las últimas consecuencias Camilo Torres."
16563,"- mira al cielo , ¿ que ves ? - un futuro junto a ti .",es,4.262283503,-74.24367099999999,city,Colombia,,274752619,134,False,tu,Wed Sep 02 01:49:41 +0000 2015,,
16648,"- hijo , ¿ tú eres gay ? - no papá ¡ ¡ soy una princesa ! ! !",es,5.056934001,-75.560285,city,Colombia,,2265017023,25612,False,tu,Wed Sep 02 02:15:36 +0000 2015,<U+2661>8 <U+2661> <U+2800>    8Nina8   <U+2800>  ,
16861,- ¡ moriría por ti ! - ¿ cuándo ? ¿ se puede ya ?,es,4.7273025,-74.213188,city,Colombia,,1625906582,254,False,tu,Thu Sep 03 20:16:06 +0000 2015,Colombia,Comunicadora social y periodista en formación <U+2665>
16862,- moriría por ti . - ¿ cuando ? ¿ se puede ahora ?,es,4.262283503,-74.24367099999999,city,Colombia,,2735204489,206,False,tu,Thu Sep 03 20:16:30 +0000 2015,"Sahagún, Córdoba",Nueva cuenta
17272,- que tienes ? - muchas ganas de estar contigo 23 .,es,10.95807288,-74.849933,city,Colombia,,557265687,966,False,tu,Fri Sep 04 22:39:13 +0000 2015,Barranquilla/Colombia,KMMT - 09/06/1983.
17300,"- tú tan me voy con mis amigos - y yo tan me voy a cine sola , te estaré pensando",es,4.262283503,-74.24367099999999,city,Colombia,,180173451,3780,False,tu,Fri Sep 04 22:47:41 +0000 2015,"Bogotá, Colombia",Diseño casitas para muñecas y casas en el aire// Amo como Mata Hari // Niña imantada // oniria // Nací en año bisiesto // Millonarios FC #ErizosRaceHunters
18432,- hola hola - no estoy bien como para hablar contigo media hora después .. ( toc ) ( toc ) - quien ? vamos no estés mal yo si te amo,es,4.262283503,-74.24367099999999,city,Colombia,,3312835114,82,False,tu,Mon Sep 07 22:09:54 +0000 2015,"Bogotá, Colombia",pollita ...!!! okay!  *felicidad* y entonces .....!!!
18818,"- oye me estoy enamorando de ti - bloqueo , bloqueo , bloqueo",es,4.3124519999999995,-74.4376075,city,Colombia,,261869670,969,False,tu,Tue Sep 08 00:51:56 +0000 2015,Colombia.,Administradora de empresas. No soy del montón soy de Santa Fe el primer campeón <U+2665> Snap e Instagram: angieberbeog.
19234,- siempre estaré contigo <ed> <u+00a0> <u+00bd> <ed> <u+00b8> <u+0081> <ed> <u+00a0> <u+00bd> <ed> <u+00b1> <u+008f> . - eso dijeron muchos y aquí estoy solo <ed> <u+00a0> <u+00bd> <ed> <u+00b2> <u+00a8> <ed> <u+00a0> <u+00bc> <ed> <u+00bf> <u+0083> <u+270b> <ed> <u+00a0> <u+00bd> <,es,4.811547,-75.6123815,city,Colombia,,1880599466,655,False,tu,Sun Sep 13 17:17:00 +0000 2015,,Dios & Madre<U+2764>Kamila Farfan M'E<U+2764>Mejor Amiga<U+2764>Mejor Amigo<U+2764>Confidente<U+2764>
19518,"- ¿ donde compras tu ropa ? - en surtitodo , ¿ y tú ? - en mattelsa . - jajaja que pirobo más pobre .",es,5.056934001,-75.560285,city,Colombia,,1594990285,967,False,tu,Sun Sep 13 19:54:30 +0000 2015,Manizales. ,"Si te preguntas quien llegó fue Doble U, quien se robó el show fue Doble U."
19593,- ¡ te amo y no puedo vivir sin ti ! -,es,4.262283503,-74.24367099999999,city,Colombia,,48551044,2262,False,tu,Sun Sep 13 20:40:32 +0000 2015,Bogotá D.C.,"Diseñador, burlón, mal ejemplo, ser humano, experto en drama. Snapchat: Soy_Terrible"
19828,"- y tú , ¿ por quien lloras y por quien sonríes ? - por la misma persona .",es,5.056934001,-75.560285,city,Colombia,,614560802,290,False,tu,Mon Sep 14 15:45:06 +0000 2015,Santiago/Chile.,"Sé que es el amor, el que me satisface, fuente de mi inspiración."
19977,"- nena me das tú número ? - no . - mira , endulzalte la vida . - gracias , pero yo tengo para comprarme dulces .",es,10.95807288,-74.849933,city,Colombia,,320527917,742,False,tu,Fri Sep 18 16:52:16 +0000 2015,"Barranquilla, Atlántico","Pienso en comida, luego existo."
19984,- yo solo tengo ojos para ti . - jajaja no te sabes otro ? - lo digo enserio . - te creo marica te creo ...,es,3.407815498,-76.31917800000001,city,Colombia,,509133510,526,False,tu,Fri Sep 18 16:53:34 +0000 2015,Pradera Valle,"Perfil personal, creado para compartir con ustedes mi pensamiento de la sociedad."
19993,- cómo es tú whatsapp ? - igual que el de los demás verde y blanco <u+25aa> jajajajajá,es,10.889511,-74.782175,city,Colombia,,2707866291,112,False,tu,Fri Sep 18 16:59:50 +0000 2015,"Hometown, Chiriqui, Panama",Jhon Robinson Guerrero Charry
20101,"- ¿ y tú autoestima ? - por el piso marica , por el piso .",es,4.262283503,-74.24367099999999,city,Colombia,,1169801172,1441,False,tu,Fri Sep 18 18:35:23 +0000 2015,"Bogotá, Colombia",
20944,- - quiero estar contigo : c,es,4.155606001000001,-74.94623100000001,city,Colombia,,2957784448,1299,False,tu,Thu Sep 24 18:44:51 +0000 2015,"Ibagué, Tolima",snap:marlamelissa123<U+2764>Colombiana <U+2764>Trabajo Social<U+2764> Ecuacolombiana<U+2764>
21330,"- osea eres don freddy rompe corazones , hay otros chicos que se mueren por ti y tu llorando por un mosquito osea . -",es,4.262283503,-74.24367099999999,city,Colombia,,250906351,3028,False,tu,Fri Sep 25 23:43:57 +0000 2015,WA +57 3214237892,"Sexo, amor y música, el resto es etcétera. http://hollywooddreamboy.tumblr.com/"
21616,- estoy enamorado de ti - oigan a este ! !,es,4.262283503,-74.24367099999999,city,Colombia,,2730712076,233,False,tu,Sat Sep 26 17:51:57 +0000 2015,,
21759,- esto es para mí lo que siento por ti es la necesidad de hacerte feliz - [ countdown ] ? 28 ? @ ?,es,4.262283503,-74.24367099999999,city,Colombia,,96007391,263,False,tu,Sat Sep 26 20:56:32 +0000 2015,"Bogotà, Colombia",-Hello Stranger- -Young.Wild.Free-
23045,- ¿ felipe es tú novio ? - jaja ¿ felipe ? es como mi otra teta maricas .,es,4.3124519999999995,-74.4376075,city,Colombia,,304065250,295,False,tu,Thu Jul 16 17:49:16 +0000 2015,Fusagasuga,Silvestrista y Diomedista.
23223,- y tú quién eres ? -,es,6.270882997999999,-75.619213,city,Colombia,,462403852,1174,False,tu,Thu Jul 16 21:28:12 +0000 2015,,
23988,"- yo bajaría la luna por ti amor . - ¿ ah si ? haber , lo vi bajándola - no amor , per ... - entonces cállese , ficticio hijueputa",es,4.262283503,-74.24367099999999,city,Colombia,,330654248,990,False,tu,Wed Jul 15 17:51:19 +0000 2015,Bogotá - Colombia,"Mancito es el diminutivo de man, ¿Captas?.
Un saludo para mi mamá que no me abortó, no todos mis tweets son verdad, twitteo para ustedes."
24346,"- : 3 , tu eles el amol de mi vida jeje ti amu . - D: chao .",es,4.262283503,-74.24367099999999,city,Colombia,,3121696558,770,False,tu,Wed Jul 15 21:59:42 +0000 2015,Bogota - Colombia ,Millonarios FC <U+2764> | Imagine Dragons<U+2665> | Solo Makias lok <U+2665> | Bogotá | Si me sigue no espere que lo siga de vuelta. Snap: daniela6926 Instagram: Soy_un_unicornio7
24611,- ¿ de que sufres tú ? - de celos y mal genio .,es,4.656953498,-74.2470895,city,Colombia,,220395702,2532,False,tu,Thu Jul 16 13:35:27 +0000 2015,MILLONARIOS FC.,
24862,- que haces ? - lo de siempre ... - que ? - pienso en ti ...,es,4.262283503,-74.24367099999999,city,Colombia,,2699633060,86,False,tu,Thu Jul 09 00:08:32 +0000 2015,,"Extraño los momentos cuando me buscabas, te sentabas a mi lado y entre sonrisas nos mirábamos a los ojos sin pronunciar ninguna palabra ..."
24899,- amor tú eres el único - #esecuentoyamelose,es,4.262283503,-74.24367099999999,city,Colombia,,287408316,4472,False,tu,Sun Jul 05 21:57:46 +0000 2015,Bogotá - Colombia ,
24950,- me quieres con el corazón o con la cabeza ? - me temo que con los pies ; de otro modo no puedo explicar porqué siempre regreso a ti,es,7.144792999,-73.132697,city,Colombia,,2368424995,73,False,tu,Wed Jul 08 23:40:25 +0000 2015,"Floridablanca, Santander","Amar desde el alma, es un paso más allá del amor
<U+2757><U+2755><U+2757>"
25031,- solo tengo ojos para ti -,es,4.262283503,-74.24367099999999,city,Colombia,,1955033071,841,False,tu,Thu Jul 09 01:09:28 +0000 2015,bogota<U+2764>,El amor es un visaje.
25146,"- ¿ y tú mejor amiga ? + disculpa , ¿ mi qué ? . - ...",es,4.262283503,-74.24367099999999,city,Colombia,,1444290751,597,False,tu,Thu Jul 09 01:43:38 +0000 2015,,"Azul y Blanco Todo Pintado Esta Mi Corazón.
23<U+2661>"
25475,- ¿ que es lo mas loco y estúpido que haz hecho ? suspirando le dijo : - enamorarme perdidamente de ti ...,es,10.95807288,-74.849933,city,Colombia,,818561059,57,False,tu,Sun Jul 12 18:48:08 +0000 2015,,"-One Direction<U+2764> -2LNH<U+2764> - C.A.B.J 1924<U+2764> - FCBarcelona<U+2764> - #16 <U+2764> - Chocolates<U+2764>
MARIO ALBERTO BAUTISTA GIL<U+2764>"
25522,- solía creer que los ángeles no existían - y ¿ qué sucedió ? - te conocí a ti - ¿ en ser ... - nah ! conocí a sebastián villalobos,es,4.262283503,-74.24367099999999,city,Colombia,,2996033086,1468,False,tu,Mon Jul 13 12:57:09 +0000 2015,Colombia,Mi gran amor @villalobossebas| @sebbbbas.Juntos podemos todo #pdcsv. 19-02-2015.
25629,- si usted me echa de su vida no le ruego hombres ay muchos - pero si mi madre me echa de la casa obvio le ruego no ve q madre es una sola .,es,4.448673,-75.3155775,city,Colombia,,1429259971,827,False,ud,Tue Jul 21 19:33:41 +0000 2015,,<U+25CF>MADRE & DIOS <U+25CF>
25641,"- jenny , usted daña todo jaja - ay usted se calla , que a usted.no.le.he dañad ... jaja ay usted sí parce",es,4.262283503,-74.24367099999999,city,Colombia,,504772955,242,False,ud,Tue Jul 21 19:46:44 +0000 2015,,"Sabía usted, que las letras son capaces de exitar una mente, más que un beso exitar a un cuerpo, y una mente exitada puede volar."
25685,- el calor se mide en la cantidad de veces que uno se baña al día cuando va a tierra caliente . - pero usted no es rola - quien le pregunto ? :(,es,4.333480001,-74.8389735,city,Colombia,,558252134,108,False,ud,Tue Jul 21 20:15:43 +0000 2015,Bogota,"Nunca se la describio como una gran belleza, pero hasta aquellos que la aborrecian admitian que tenia un encanto exacerbado."
26030,"- hijo , este barrio está llenos de marihuaneros , si quiera usted no fuma eso . -",es,2.9887364969999997,-75.3222715,city,Colombia,,2927236355,65,False,ud,Wed Jul 22 00:01:30 +0000 2015,,?Kenner Velasquez                                                               ?Virgo ?Nyctophilia
26080,"- cual dos nos volvamos encontrar ... - agh , si ve , usted siempre deseándole el mal a uno .",es,4.262283503,-74.24367099999999,city,Colombia,,381296646,1358,False,ud,Wed Jul 22 11:34:58 +0000 2015,"Bogotá, Colombia","si vino a leer cosas interesantes, se metio al perfil equivocado"
26152,- menos mal mijo usted aprobó todos los créditos de la universidad - ...,es,4.262283503,-74.24367099999999,city,Colombia,,2612715595,3279,False,ud,Tue Jul 21 23:33:34 +0000 2015,"Bogotá-Soacha, Colombia","18 años,microfútbol, Ingeniero industrial en proceso,analista y estudioso del fútbol,UDEC,SFE."
26264,"- después de tantas noches hablando ¿ usted y yo que somos ? - pues celadores , tan marica - jajajajaja buena r16 - le copió r16 jajajajaja",es,4.945713501,-73.95061650000001,city,Colombia,,580145687,144,False,ud,Thu Jul 23 18:45:36 +0000 2015,"Sopó, Cundinamarca, Colombia","Fabian Batanero, Ingeniería  Industrial,"
26270,"- hola perdido * , * - perdida usted que solo me habla cuando necesita un favor o cuando pelea con la gonorrea de su novio pfff ! ! !",es,4.262283503,-74.24367099999999,city,Colombia,,253802307,47,False,ud,Thu Jul 23 18:51:21 +0000 2015,Bogota,"La Q Me Quiera La Quiero !
La Q Me Olvida La Olvido !"
26298,- luisa y qué pasó con ... ? + me envío para la mierda . - y usted le rogó ? + algo ... - jajaja + de qué se ríe ? - me encanta verla sufrir por piroba .,es,6.174511496,-75.6365725,city,Colombia,,248736443,762,False,ud,Thu Jul 23 19:49:06 +0000 2015,Colombia - Itagüí,124. Un brindis por las veces que hemos pensado en quitarnos la vida. http://aurora-violeta.tumblr.com
26311,- estoy cansado que hablen a mis espaldas . - y usted en que trabaja pues . - soy taxista . * lloran junticos *,es,4.262283503,-74.24367099999999,city,Colombia,,2588075818,921,False,ud,Thu Jul 23 20:02:08 +0000 2015,,NO PUEDO VIVIR SIN INTERNET.
26370,- mijo usted estudio aviación verdad ? - si ma porque ? - pues valla volando a la tienda y me trae 200 de cilantro -,es,6.052723499,-75.6367685,city,Colombia,,349697954,68,False,ud,Thu Jul 23 20:50:43 +0000 2015,Venecia antióquia,"Nacío en medellin, fotógrafo de profecíon, pasión, amante del arte y las letras."
26377,"- yo madrugo para ir a aprender algo para mí vida y usted madruga para irse de viaje . + pues vamos las dos - esta bien , te amo",es,4.262283503,-74.24367099999999,city,Colombia,,309978221,342,False,ud,Thu Jul 23 10:35:06 +0000 2015,,
26435,"- solo hablo con usted , no tengo con quien más hacerlo . -",es,2.427761996,-72.073353,city,Colombia,,751365846,291,False,ud,Fri Jul 24 17:44:13 +0000 2015,,Maria Elena Rozo y José Jair Mejía
26454,"- no , vea es que yo a usted lo quiero . - ...",es,5.056934001,-75.560285,city,Colombia,,953802204,72,False,ud,Fri Jul 24 17:54:52 +0000 2015,"Manizales, Caldas, Colombia. ",
26648,"- ¿ cuánto cuesta esos tenis ? - $ 320.000 - me los llevo , pero ... ¿ usted creen en dios ? - si - ah bueno , entonces que dios le pague",es,6.270882997999999,-75.619213,city,Colombia,,158893634,884,False,ud,Fri Jul 24 16:29:45 +0000 2015,Medellín - Colombia,Reportero gráfico de @Noise_Armada y Trafico Independiente. http://instagram.com/alejo_grisales/
26849,"- juanes porque sera que a mi me gusta todo rosado ? - porque usted es severa fruna ñero ... ( niño de 13 años a las 2 de la tarde , en su casa )",es,4.262283503,-74.24367099999999,city,Colombia,,206869073,580,False,ud,Sat Jul 25 18:59:58 +0000 2015,Bogotá,Estudiante de Derecho Universidad Manuela Beltrán
26937,- que papi como andamos de nenas ah ? - y usted como anda con esa barriga tío ?,es,4.448673,-75.3155775,city,Colombia,,281847107,345,False,ud,Sun Jul 26 21:30:29 +0000 2015,"Ibague-Tolima, Colombia","DIOS, Familia, Amigos, Musica<U+2665>"
26985,"- ¿ usted tiene novia ? - no . - ¿ y le gusta alguien ? - si , así que no pierda el tiempo , que si no es con ella no es con nadie .",es,4.262283503,-74.24367099999999,city,Colombia,,230594693,449,False,ud,Sun Jul 26 00:56:46 +0000 2015,Bogotá,"Aquí vamos de nuevo, solo y con grandes ambiciones para un solo hombre, pero se que con pasión las conseguiré."
27022,- usted si que fastidio con esos tuits de one direction - #mtvhottest one direction,es,7.063666499,-73.0964135,city,Colombia,,870747565,249,False,ud,Sun Jul 26 01:16:52 +0000 2015,Colombia <U+2708>,"Siempre juntas, siempre LGR2.
GordaFan de 1D & Demi Lovato."
27078,"- soy el novio nos queremos mucho y llevamos un mes y usted quien es ? - soy el ex novio le digo "" hola "" y se olvida de usted . jajajajjaja",es,4.262283503,-74.24367099999999,city,Colombia,,1212684067,179,False,ud,Sun Jul 26 17:38:12 +0000 2015,"Bogotá, Colombia",-18
27106,- que pereza usted tan malgeniada . - ¿ y ?,es,5.192915001,-75.80077,city,Colombia,,439422546,1306,False,ud,Sun Jul 26 17:54:17 +0000 2015,Snapchat: gabrielagiraca. ,Instagram: gabrielagiraldoc.
27108,- es que usted no se toma nada en serio de la relación - xd,es,6.270882997999999,-75.619213,city,Colombia,,1727168748,527,False,ud,Sun Jul 26 17:54:37 +0000 2015,,"Mateo, soy dj hablando, la banda sonora de mi vida es Jake bugg, mi gran amor es mi perro."
27139,- es que usted es muy intensa - ¿ y ?,es,4.262283503,-74.24367099999999,city,Colombia,,2293841347,326,False,ud,Sun Jul 26 18:08:06 +0000 2015,En Busca De La Felicidad.,Solo #BLR lokkkkks ¿como fuaaaaaa? lo chento.// Y si en la vida luchamos por un mundo mejor si ponemos más de alma y un poco de corazón.
27181,"- ma , el próximo lunes festivo me largo para rockal . - ¿ y a usted quién le dio permiso ? - yo ya soy mayor de edad . * la agarran a juete *",es,3.780764,-73.553206,city,Colombia,,225049384,485,False,ud,Sun Jul 26 19:57:44 +0000 2015,Llanera.,Pseudo artista y resentida. Tengo la maña de dejar todo a medias. Vivo en otro mundo. Rock y más. [14] Estudiante de Ing. Civil.
27214,"- no sé por qué le hago caso . - jajaja ud es mi perra . ( no puedo con esto , soy tu perra @angelicavargs )",es,4.262283503,-74.24367099999999,city,Colombia,,158894022,240,False,ud,Sun Jul 26 20:30:01 +0000 2015,Bogotá D.C,"Industrial engineering student, concerts lover, new rugbier. Enjoy every moment, be free, BE WILD."
27238,- para que se arreglo si no va a hacer nada ? + y usted que sabe ? - ayy + bueno si ya no hice nada,es,4.262283503,-74.24367099999999,city,Colombia,,1069712024,583,False,ud,Sun Jul 26 20:48:08 +0000 2015,,"Snapchat: vivian_andrea19  
Insta:_velasquez23"
27255,"- menos mal , usted es de esos que sale del colegio y se viene derechito para la casa . -",es,4.262283503,-74.24367099999999,city,Colombia,,188493472,2164,False,ud,Sun Jul 26 16:24:01 +0000 2015,16/12/12 .,"Mas que un equipo es una pasion, MILLONARIOS F.C Canserbero"
27278,- es que usted me gusta . - es que a usted le gusta todo el hijueputa mundo .,es,4.262283503,-74.24367099999999,city,Colombia,,1119635124,2914,False,ud,Sun Jul 26 16:38:38 +0000 2015,bogota ,"instagram https://t.co/8mPgL8tlhp   canal youtube https://t.co/LyORutvGki 
pagina de fb https://t.co/04wmwY7gVT"
27289,"- te extraño . - lo que pasa , es que usted ya me dejó de importar hace mucho .",es,4.262283503,-74.24367099999999,city,Colombia,,1119635124,2914,False,ud,Sun Jul 26 16:46:16 +0000 2015,bogota ,"instagram https://t.co/8mPgL8tlhp   canal youtube https://t.co/LyORutvGki 
pagina de fb https://t.co/04wmwY7gVT"
27394,- emily y usted que siente ? - nada ...,es,6.270882997999999,-75.619213,city,Colombia,,735706723,169,False,ud,Sun Jul 26 00:42:00 +0000 2015,"Medellín, Antioquia","Que nada te quite la sonrisa<U+270C>
snapchat: emilyzapatag"
27496,- usted es de lo peor - así le gustabá - me gusta,es,4.262283503,-74.24367099999999,city,Colombia,,3080728467,60,False,ud,Sun Jul 26 13:43:37 +0000 2015,"Bogotá, Colombia",
27497,"- ud es de lo peor , no quiero saber de ud . - así le gustabá ... - me gustaaaaa , me gusta .",es,4.262283503,-74.24367099999999,city,Colombia,,3080728467,60,False,ud,Sun Jul 26 13:45:33 +0000 2015,"Bogotá, Colombia",
27549,- ¿ sabe cual es el gran problema ? - usted . - _ -,es,4.262283503,-74.24367099999999,city,Colombia,,1566816175,73,False,ud,Sun Jul 26 15:42:07 +0000 2015,Bogota/ Colombia,Hasta Las Tres De La Mañana Voy A Caminar Hoy Es El Dia De Hoy La Luna Me Acompaña... La Luna Me Acompaña....  GONA <U+266A><U+266B><U+266A>  *-* Whatssap <U+2665> 3134810456<U+2665>
27636,- usted es más grosera camila . + usted no estuvo conmigo diez años de los diecisiete que tengo . - ( ... ),es,4.262283503,-74.24367099999999,city,Colombia,,986939934,2331,False,ud,Mon Jul 27 00:20:02 +0000 2015,"Bogotá, Colombia",Instagram; Camilaochoa16                                                       <U+270B>
27742,- profesor que paso con la red wifi libre ? - la estoy cerrando en este momento - mmm ... usted se merece la muerte xc,es,4.262283503,-74.24367099999999,city,Colombia,,1882073640,99,False,ud,Fri Sep 25 17:30:56 +0000 2015,Bogotá Colombia,Me encanta ella... 17<U+2665>
27822,"- perdón - no hijueputa , usted se va como si nada & quiere que lo perdone . #nochimbeeparce",es,4.262283503,-74.24367099999999,city,Colombia,,2790550151,89,False,ud,Mon Jul 27 21:11:23 +0000 2015,Usme .,<U+2661>del verde campeón<U+2661>
27824,"- ¿ usted porque cambio tanto ? - no , cambie solo abrí los ojos y vi la realidad <u+261d> <u+270b>",es,4.811547,-75.6123815,city,Colombia,,1880599466,576,False,ud,Mon Jul 27 21:12:21 +0000 2015,,Dios<U+2764>Madre<U+2764>Paola Ocampo#27<U+2764><U+2764>Kamila Montilla Confi<U+2764>Camila Rojas #03<U+2764>Deportivo Pereira<U+2764>
27949,- si estoy loca usted me lo dirá - usted no esta loca - usted no me conoce,es,4.262283503,-74.24367099999999,city,Colombia,,353463116,169,False,ud,Sun Jul 26 22:58:38 +0000 2015,,Estudiante de comunicación social y periodismo de la U. Sergio Arboleda. Youtuber... Locutora... Editora digital...
27959,- usted la mata ese barbero - y el carnicero - a usted la matan todos mijaaaa ! ! jajajajjajajaja,es,6.360579502999999,-75.606961,city,Colombia,,1096804813,759,False,ud,Sun Jul 26 23:05:24 +0000 2015,Bello.,LFRA bffi.<U+2764><U+2764>
27981,- ¿ usted baila sr . darcy ? - no si puedo evitarlo .,es,11.07346239,-73.92732164,city,Colombia,,85004327,338,False,ud,Sun Jul 26 23:26:16 +0000 2015,Colombia,"Odontología - Defensora de los derechos de los Animales, cinéfila, melómana... NatureLover - Be a miracle."
28032,- hija estoy muy orgullosa de usted por que usted no toma ni fuma como sus amigos - ( . _ . ) ( . _ . ) ( . _ . ),es,4.262283503,-74.24367099999999,city,Colombia,,2950417840,174,False,ud,Mon Jul 27 23:53:28 +0000 2015,"Bogotá, Colombia",PUTORRAIDER OUT OF HELL <U+2665>
28175,"- papi usted sabe que soy serio , prestame $ 50.000 - #nochimbeeparce",es,4.262283503,-74.24367099999999,city,Colombia,,531820496,216,False,ud,Mon Jul 27 22:56:12 +0000 2015,,¡vivimos en un mundo en donde no se ve la realidad!
28272,- nadie le da los buenos días - choquelas usted es de los míos,es,7.063666499,-73.0964135,city,Colombia,,293694865,184,False,ud,Wed Jul 29 12:56:58 +0000 2015,Bucaramanga,16.12.12 Un día que jamás se olvidará
28357,"- usted me cae mal . - ¿ lloro ? , ¿ me mato ? , ¿ sabe que ? como mierda hijueputa",es,4.262283503,-74.24367099999999,city,Colombia,,1708707307,164,False,ud,Thu Jul 30 01:06:50 +0000 2015,"Bogotá, Colombia<U+2661>","<U+2665>Ríe, Aunque Quieras Llorar<U+2665>"
28361,- y ud cuando cumple años ? - hoy - ay marica la próxima avisa con tiempo para darle algo malparidos,es,3.3641819969999998,-76.49608,city,Colombia,,255252627,146,False,ud,Thu Jul 30 01:07:29 +0000 2015,Cali-Colombia,Ingeniero industrial / Formulador de Proyectos y Analista de muchas vainas
28464,"- ... mi niña yo no soy de nadie , ¿ que le da ? - usted es mía le guste o no , usted es mi consentida así no quiera , es mía y ya .",es,4.262283503,-74.24367099999999,city,Colombia,,309978221,340,False,ud,Thu Jul 30 02:39:16 +0000 2015,,
28482,- usted - ¿ yo qué ? - es lo más lindo que me ha pasado en esta vida,es,4.262283503,-74.24367099999999,city,Colombia,,350521836,961,False,ud,Thu Jul 30 02:05:56 +0000 2015,Colombia/ Bogota  ,"Nunca te arrepientas de nada, porque alguna vez fue justo lo que quisiste"
28493,- usted lo que me tiene es envidia . -,es,4.7273025,-74.213188,city,Colombia,,622238573,1621,False,ud,Thu Jul 30 02:09:17 +0000 2015,,~24~03~15~
28696,- por que siempre inicio las conversaciones yo ? - por que no me interesa hablar con usted marica entiendalo,es,4.262283503,-74.24367099999999,city,Colombia,,2950417840,166,False,ud,Thu Jul 30 02:43:53 +0000 2015,"Bogotá, Colombia",PUTORRAIDER OUT OF HELL <U+2665>
28909,"- mija usted paga la tarifa mínima de la universidad , como estudiante corriente , enserio quiere más rebaja ? - si !",es,2.437771999,-76.6415,city,Colombia,,251386221,274,False,ud,Fri Jul 31 18:32:07 +0000 2015,Colombia ,Don't try.
28930,"- mija , ¿ si vio ? su prima quedo embarazada . - sí ma .. - menos mal usted sigue siendo virgen . - ...",es,4.262283503,-74.24367099999999,city,Colombia,,612918996,626,False,ud,Fri Jul 31 18:38:33 +0000 2015,Bogotá ,"¿Cómo Fueron vueltas? 7u7 Solo negocios acá.

http://e-rika-1932.tumblr.com"
28990,- hola - ¡ ja ! papito ¿ creyó que me iba a morir sin usted ? - pero yo sólo qu .. - míreme soy feliz sin usted - ay cállese maldita lok,es,4.262283503,-74.24367099999999,city,Colombia,,465767963,667,False,ud,Fri Jul 31 19:20:30 +0000 2015,"Tokio, Japón. ","#AAFamily Santafereño, Culé y Gunner. Cada átomo meu promete cuidar de cada átomo seu @_FERPB__"
29035,- le voy a hacer una pregunta para saber si es usted el mismo de la cédula - ok - es usted el mismo de la cédula ? - si - gracias,es,4.262283503,-74.24367099999999,city,Colombia,,539367850,345,False,ud,Fri Jul 31 21:32:13 +0000 2015,ibagué-Tolima,"La felicidad humana generalmente no se logra con grandes golpes de suerte, que pueden ocurrir pocas veces, sino con pequeñas cosas que ocurren todos los días."
29051,"- briyith , usted ya se quemó las pestañas por nosotros ... - jum , me quemé fue la cuca .",es,4.262283503,-74.24367099999999,city,Colombia,,942600576,74,False,ud,Fri Jul 31 21:48:53 +0000 2015,Armenia-Colombia,@SteevenOrozco <U+2764><U+FE0F><U+2764><U+FE0F><U+2764><U+FE0F><U+2764><U+FE0F>
29171,- usted a todas les dice bonitas - es que todas lo son - y a mi porque no - usted es fea - entiendo .,es,4.262283503,-74.24367099999999,city,Colombia,,90922617,437,False,ud,Fri Jul 31 20:29:38 +0000 2015,"Bogotá, Colombia",estoy en Wa 3209824758 estoy en istagram Brayayancito y estoy en snapchat brayan guerrero
29448,"- marica se ha fumado 3 desde que llegó . - no me cuenta los cigarrillos mi mamá y ahora usted sí , bobo hijueputa .",es,10.95807288,-74.849933,city,Colombia,,80400081,4725,False,ud,Mon Aug 03 00:16:33 +0000 2015,Cuenta nocturna.,Cachaco en Barranquilla. I was so horny it made me sad. TWUgZ3VzdGEgZWwgY3VsZW8gcm9t4W50aWNvIA==
29548,- yo estaré para usted en las malas por que a usted en las buenas - le sobran amigos,es,4.448673,-75.3155775,city,Colombia,,1967077700,721,False,ud,Mon Aug 03 14:54:04 +0000 2015,,Yo Le Doi Lengua A Lo Mango! :'3
29549,- ¡ usted es un hipócrita ! - dígamelo en la cara . - ¡ ¿ en cual de las dos ? ! bobo hijueputa .,es,4.262283503,-74.24367099999999,city,Colombia,,3289312503,39,False,ud,Mon Aug 03 14:54:15 +0000 2015,,
29648,- mate usted por que no lava las ollas quiere que le diga a su papá o qué -,es,6.270882997999999,-75.619213,city,Colombia,,1727168748,541,False,ud,Mon Aug 03 01:47:38 +0000 2015,,"Mateo, soy dj hablando, la banda sonora de mi vida es Jake bugg, mi gran amor es mi perro."
29720,- ¿ se considera usted una persona seria y responsable ? - shi .,es,8.075581893999999,-72.4770928,city,Colombia,,125116048,231,False,ud,Mon Aug 03 16:47:23 +0000 2015,Colombia,"LA MEJOR MEDICINA PARA EL ALMA, ES UNA GRAN SONRISA =) Instagram Eduardo_r89"
29743,- ¿ amor usted me quiere ? - no - ¿ pero le gusta como yo le doy ? -,es,4.262283503,-74.24367099999999,city,Colombia,,412463759,1941,False,ud,Mon Aug 03 17:16:41 +0000 2015,,Wsp 3204239031
29748,"- - - con 25 años y viendo dragon ball super . - - - y usted con 15 años , madre soltera y con un aborto",es,9.315605496,-75.434214,city,Colombia,,3400037500,14,False,ud,Sun Aug 02 23:10:04 +0000 2015,"Sincelejo, Sucre",AMORR 4 LETRAS QUE DECIR Y UN MUNDO ENTERO POR DESCUBRIR
29781,- por que quiero lo mejor para usted .. - y lo mejor para mi es usted ... ! ! !,es,4.262283503,-74.24367099999999,city,Colombia,,3343486667,205,False,ud,Sun Aug 02 23:29:50 +0000 2015,,cariño gracias por tu comprensión y perdón por pedir perdón a son de una canción la idea no es esperar nada de nadie.. 24/7 REAL HIP HOP MBRP
29803,- usted es la peor presidenta de la que haya escuchado - ah pero ha escuchado de mi :),es,7.063666499,-73.0964135,city,Colombia,,870747565,243,False,ud,Sun Aug 02 23:42:41 +0000 2015,Colombia <U+2708>,"Siempre juntas, siempre LGR2.
GordaFan de 1D & Demi Lovato."
29938,"- mk , no entiendo a las mujeres ... - es que si las entendiera usted sería una ...",es,4.262283503,-74.24367099999999,city,Colombia,,152008257,1019,False,ud,Mon Aug 03 02:09:10 +0000 2015,Bogotá D.C,"Arquitecto en formación!  YWNWA Santa Fe, Real Madrid, Bogotá Y fútbol! Som y serem el orgullo de Bogotá!"
29950,"- oiga usted me reviso mi celular verdad ? - oigan ha esta , que tal ...",es,4.262283503,-74.24367099999999,city,Colombia,,2417910380,556,False,ud,Mon Aug 03 02:16:00 +0000 2015,,Estudiante de Bacteriología y Laboratorio Clínico.                         MILLONARIOS FC.
30002,"- profe hoy no hagamos clase . mejor vamos a jugar micro . - joven , usted esta en la universidad ( . _ . )",es,4.262283503,-74.24367099999999,city,Colombia,,152081646,181,False,ud,Tue Aug 04 18:43:54 +0000 2015,"Bogotá, Colombia",Independiente Santa Fe<U+26BD>  ARQUITECTO EN FORMACION
30135,- golazo de james - dame un hijo james - te amo james - soy tu fan # 1 james - mi cuca pa ud james * las colombianas a esta hora * #audicup2015,es,4.262283503,-74.24367099999999,city,Colombia,,2225517635,89,False,ud,Tue Aug 04 17:01:33 +0000 2015,"Bogota, Colombia",Ingeniero al 33% Deportista al 50% Amante a la Musica al 75% Colombiano al 100% Lazy &  Proud To Be
30282,- hija este fin vas a salir a bailar ? * no tengo plata mami me presta ? - jajjj yo si tengo.pero no le voy a prestar . asi como me respondio ud,es,4.262283503,-74.24367099999999,city,Colombia,,551197770,853,False,ud,Tue Aug 04 23:14:31 +0000 2015,,Salomé Gonzalez Devia.<U+2661>
30379,"- me dijeron que tu eras muy seria , muy decente . - sisas ñero . - ¿ a usted también le sale la manzana de adán cierto ? * 76 puñaladas *",es,6.270882997999999,-75.619213,city,Colombia,,1888614956,2121,False,ud,Wed Aug 05 00:05:34 +0000 2015,"Mosquera, Cundinamarca",Juan Pablo Jaramillo Estrada <U+2661> Tyrone Jose González Orama <U+2661> Sonny John Moore <U+2661> Atlético Nacional <U+2661> Barcelona <U+2661> Comunicación Social y Periodismo <U+2661> Voleibol <U+2661>
30433,"- holaa ¿ por qué tan perdido ? - ¿ perdido ? no , que a usted no se le de la hijueputa gana de saludar es otra cosa .",es,4.262283503,-74.24367099999999,city,Colombia,,1941823736,874,False,ud,Wed Aug 05 00:28:28 +0000 2015,"Bogotá, Colombia.",
30446,"- mijo , ¿ usted es skater ? - no , ¿ porque ? - entonces por que anda con esa tabla ? - papaaaa respeta a mi novia - hahaha haga se un flip .",es,6.360579502999999,-75.606961,city,Colombia,,2419445568,181,False,ud,Wed Aug 05 00:32:33 +0000 2015,colombia ,y El Estaba Ahi y Yo Simplemente Queria Ir corriendo Hacía Los Brazos De el
30447,- usted me dijo que no lo volveria hacer ... - la gente dice muchas cosas .,es,7.144792999,-73.132697,city,Colombia,,432592211,142,False,ud,Wed Aug 05 00:33:38 +0000 2015,,JLDC*-* POR TODA UNA VIDA A TU LADO JDC<U+2665>.
30511,- yo voy con 20mil - - ahhh es que usted es punkero -,es,5.056934001,-75.560285,city,Colombia,,204618038,327,False,ud,Wed Aug 05 01:04:30 +0000 2015,Manizales - Colombia ,"Pobre, feo y antojado."
30740,- que paso con su ex ? ? cambiemos de tema - usted me debe plata ? esa gonorrea me volvió hablar puede creerlo ? jajaja,es,6.270882997999999,-75.619213,city,Colombia,,2790202749,329,False,ud,Thu Aug 06 14:45:32 +0000 2015,,<U+2708> Cheerleading my lifestyle <U+2708>
30830,"- profe y para cuando el paseo a mundo aventura ? - joven , usted este en la universidad -",es,4.262283503,-74.24367099999999,city,Colombia,,182993147,111,False,ud,Thu Aug 06 16:14:49 +0000 2015,,"Meto Mis manos al Fuego por la niñez ... La felicidad,inocencia, y dulzura representada en un PEQUEÑO NIÑO... LOS ANGELES DEL PLANETA TIERRA.<U+2665>"
30861,- feliz cumpleaños bogota ! ! - callese marik q usted vive en soacha,es,4.262283503,-74.24367099999999,city,Colombia,,886092132,180,False,ud,Thu Aug 06 16:50:34 +0000 2015,,"Porque Facebook no era suficiente para publicar cuanta pendejada se me ocurria.
Larga vida al rock y al metal !!"
30945,"- mijo , usted que estudio veterinaria , digame si este vestido me hace ver muy perra - como una loba - excelente",es,4.448673,-75.3155775,city,Colombia,,244276434,2287,False,ud,Mon Aug 10 19:53:59 +0000 2015,Al fondo a la derecha ,"Políticamente dudoso, moralmente incorrecto... @lohtahqwas en instagram"
31043,"- oye te pasa algo - si estoy algo triste - ah parce pero no este triste - uyy que consejo tan hijueputa , usted no ha pensado en ser psicólogo",es,4.262283503,-74.24367099999999,city,Colombia,,2559437279,112,False,ud,Mon Aug 10 21:04:44 +0000 2015,Bogota,Estudiante de Trabajo Social en Universidad de La Salle
31151,- y usted por qué salió este fin de semana ? acuerdese que usted solo puede salir conmigo -,es,4.448673,-75.3155775,city,Colombia,,235627848,204,False,ud,Mon Aug 10 22:28:35 +0000 2015,St.Petersburg,Medio atembao.
31193,"- y usted , ¿ para qué toma ? - para olvidar . - ¿ olvidar qué ? - no sé , ya se me olvido .",es,2.9887364969999997,-75.3222715,city,Colombia,,2927236355,73,False,ud,Mon Aug 10 22:58:47 +0000 2015,<U+2708><U+2708>Colombia<U+2708><U+2708>,Y ahora tomo para mantenerme tibio y asi poder asesinar las memorias y ya no en ella pensar si es imposible para mi poder sentirme mejor.
31245,"- qué menor , ¿ usted estudió medicina ? + sí , ¿ por qué ? - para que se suture esta * le pega una puñalada *",es,7.144792999,-73.132697,city,Colombia,,2299843666,164,False,ud,Tue Aug 11 01:07:50 +0000 2015,"Bucaramanga, Santander",Insta: sneider2098. Wpp: 3167101829.
31363,- oye ? - <u+2714> <u+2714> - estás ahí ? - <u+2714> <u+2714> - quería decirte que te extraño - <u+2714> <u+2714> - oye ? estás enojada ? - no sé quien es usted no joda . - per .. - pero nada . chao,es,4.262283503,-74.24367099999999,city,Colombia,,329728854,252,False,ud,Tue Aug 11 02:23:01 +0000 2015,,"Bastante malhumorada pero risueña a la vez, con el optimismo siempre adelante."
31383,"- es que yo por mi equipo de fútbol me hago matar . ¿ y usted ? - no , yo sí estudié .",es,4.262283503,-74.24367099999999,city,Colombia,,1143905250,629,False,ud,Tue Aug 11 02:27:15 +0000 2015,,"Salsa y son pa' alegrar el corazón <U+2708><U+24DB><U+24D4><U+24E3>'<U+24E2><U+2708><U+24E3><U+24E1><U+24D0><U+24E5><U+24D4><U+24DB><U+2708>  Gloria a mi vida, Gloria a mi pasión Millonarios querido de mi corazón"
31396,"- ¿ y esa cara ? - es que algo me cayó mal . - ¿ la comida ? - no , usted .",es,4.262283503,-74.24367099999999,city,Colombia,,112585591,978,False,ud,Tue Aug 11 02:29:37 +0000 2015,Bogotá - Colombia,Soy un árbol de canciones. El amor no se siente; se piensa.
31432,- ¿ usted con quien pelea ? - mamá estoy cantando ... - ( . _ . ) ( . _ . ) ...,es,4.262283503,-74.24367099999999,city,Colombia,,2852270313,1070,False,ud,Tue Aug 11 02:40:32 +0000 2015,Bogotá D.C,Viajera que busca la felicidad que esta escondida.
31492,- oiga usted enserio tiene 17 ? - si - se graduo como a los 15 o . o todos ...,es,4.262283503,-74.24367099999999,city,Colombia,,194260207,899,False,ud,Tue Aug 11 03:26:19 +0000 2015,,Universidad Distrital Francisco José de Caldas- Lic. Pedagogía Infantil.                                                       -Independiente Santa Fe
31526,- jenny * que paso - usted es mi primer y ultimo pensamiento del dia por favor no me olvides y siempre estaras en mi corazon <u+2661> * a bueno ..,es,4.262283503,-74.24367099999999,city,Colombia,,2655033582,135,False,ud,Tue Aug 11 03:36:14 +0000 2015,,
31806,"- parce , le toca tapar a usted . - marica yo no sé tapar . - agale , no pasa nada ...",es,6.997779996,-73.83678950000001,city,Colombia,,1514198604,361,False,ud,Tue Aug 11 02:00:40 +0000 2015,"Barrancabermeja, Santander",Bienvenidos a mis locúras.
31831,- según el oráculo usted es el amor de mi vida - pero nos acabamos de conocer - no me saque excusas :( - ...,es,4.262283503,-74.24367099999999,city,Colombia,,343460065,976,False,ud,Tue Aug 11 02:07:53 +0000 2015,Lost,We are all lost stars trying to light up the sky. Bartolina 2014. Universidad del Rosario.
32085,- 1mejor amiga de mi life 4 <u+2665> - te amo demasiado <u+2665> - que usted nunca me falte <u+2665> @kdbs_,es,4.448673,-75.3155775,city,Colombia,,2887394554,66,False,ud,Fri Aug 14 18:39:54 +0000 2015,,Ellos Los Mejores En Mi Vida Los Amo Gracias Por Siempre Estar Ahy Conmigo <U+2665>Mejor Amiga 14 Karen Dayana Borda Saavedra<U+2665> <U+2665>U.V.A.D.M.V. 01Yitson Caleño Paez<U+2665>
32127,"- sabe que es lo que mas me hace reir ? + que ? - que usted piensa que yo soy una estúpida , que cree que no me doy cuenta de lo que pasa !",es,3.407815498,-76.31917800000001,city,Colombia,,889336933,910,False,ud,Fri Aug 14 19:17:08 +0000 2015,Alejandrina Aguirre<U+2665> ,ADSCDM<U+2665>  #EsaPromesa<U+2665> 08/04/14<U+2665>
32129,"- sabe que es lo que mas me hace reír ? + que ? - que usted piensa que yo soy una estúpida , que cree que no me doy cuenta de lo que pasa !",es,3.407815498,-76.31917800000001,city,Colombia,,889336933,910,False,ud,Fri Aug 14 19:17:44 +0000 2015,Alejandrina Aguirre<U+2665> ,ADSCDM<U+2665>  #EsaPromesa<U+2665> 08/04/14<U+2665>
32189,- mi amor usted siempre sera la unica - #dulceamor,es,4.262283503,-74.24367099999999,city,Colombia,,2305685918,1218,False,ud,Mon Aug 24 19:48:52 +0000 2015,ibague colombia,?<U+2661>KAREN LIZETH MEZA NEIRA<U+2661>? ?<U+2661>MARIA FERNANDA RODRIGUEZ SANCHEZ<U+2661>? ?<U+2661>KAREN JULIETH SANCHEZ AROCA<U+2661>? ?<U+2661>MI VIDA MI AMOR<U+2661>?
32457,- mi foto es una empanada y para decorar puse un poco de cilantro . - ¿ usted se come una empanada con cilantro ? échele ají retrasada .,es,6.270882997999999,-75.619213,city,Colombia,,1888614956,2192,False,ud,Wed Aug 26 00:09:49 +0000 2015,Mosquera - Colombia,02052014 <U+2661> COMUNICACIÓN SOCIAL Y PERIODISMO <U+2661>Juan Pablo Jaramillo Estrada <U+2661> Tyrone Jose González Orama <U+2661> Sonny John Moore <U+2661> Atlético Nacional <U+2661> Franco De Vita<U+2661>
32529,"- ma demeee - no , usted no puede tomar alcohol",es,6.360579502999999,-75.606961,city,Colombia,,390794739,206,False,ud,Wed Aug 26 00:29:42 +0000 2015,"Medellín, Colombia. ",Psicología.|Odontología.|<U+2764><U+FE0F>.
32539,- usted por que no votaría por ese candidato - por que no tengo ni idea de como leer o pronunciar el nombre,es,4.262283503,-74.24367099999999,city,Colombia,,375089068,490,False,ud,Wed Aug 26 00:34:40 +0000 2015,Nocheósfera.,"08.10.12 eres mi vida.                                
Antisocial, amante de los animales, coulrofobica, eisoptrofobica, futura comunicadora y crespa."
32600,"- ¿ usted valoró cuando yo por usted daba todo ? - .. - bueno , entonces coma mucha mierda .",es,4.567087498,-75.6021415,city,Colombia,,3127497653,311,False,ud,Wed Aug 26 00:59:13 +0000 2015,,All we need is love.
32951,"- jajajajaj marica usted siempre cagado de la risa , severo ser así . - no crea parcero hay cosas que le duelen a uno y uno no dice nada ...",es,6.270882997999999,-75.619213,city,Colombia,,406530019,332,False,ud,Thu Aug 27 01:21:15 +0000 2015,,Graffiti hasta en las nubes.
32991,"- mca yo veo mi ropa , mis fotos y yo cada vez estoy más gay ! - ay cual , usted es super gay desde que yo lo conozc",es,6.270882997999999,-75.619213,city,Colombia,,812044165,300,False,ud,Thu Aug 27 01:37:52 +0000 2015,Medellin-Colombia,"Fotógrafo según el CESDE, puto según la gente."
33150,"- mami , ya va a estar la comida ? - ¡ se me espera gran malparido que no soy su sirvienta o si no venga y lo hace usted !",es,4.262283503,-74.24367099999999,city,Colombia,,1571282172,754,False,ud,Thu Aug 27 02:47:04 +0000 2015,Jamaica LOVE ,"Anti Fascismo, Anti Xenofobia Anti Racismo.
Dayanna, Eliana, Leidy, Dilan, Paula, Gisell, Daniela, Lesly, Karen, LA FAMILY<U+2665>"
33171,- profe la llaman - a quien ? - pues a usted : v créditos : josé d amaya : v,es,7.144792999,-73.132697,city,Colombia,,2806443216,163,False,ud,Thu Aug 27 02:53:28 +0000 2015,,
33215,- dime si conmigo quiere hacer travesuras (8 ) - yo con usted no voy ni a traer lo del desayuno jajaja .,es,4.262283503,-74.24367099999999,city,Colombia,,1163636401,2417,False,ud,Thu Aug 27 03:10:28 +0000 2015,"Bogotá, Colombia","flaco.
Beatboxer."
33240,"- parce vamos a jugar al teto - ¿ al teto ? - si , que usted se agacha y yo se lo meto",es,4.262283503,-74.24367099999999,city,Colombia,,383257871,582,False,ud,Thu Aug 27 03:18:48 +0000 2015,,"Una cosa es querer verte feliz y otra muy distinta quedarme a mirar.
http://ask.fm/karlittosKM Debe ser severo que alguien de todo por uno."
33275,- yo no seria capa de decirle mentiras a usted . - que va gonorrea .,es,4.467880998,-75.807029,city,Colombia,,3026081419,193,False,ud,Thu Aug 27 03:27:47 +0000 2015,"Armenia, Quindio",
33345,- hay usted es todo anti-chevere - ¿ yyyyyyyy ?,es,4.489758996,-74.26021300000001,city,Colombia,,2819000112,101,False,ud,Thu Aug 27 03:54:46 +0000 2015,"Bogotá, Colombia","Quiero dormir con tigo, en el sentido mas inocente de la palabra. Quiero darte un beso de buenas noches,apagar la luz y acostarme a tu lado. 26"
33386,"- usted es todo creido - claro que no , lo que pasa es que soy exclusivo jajajajajajajajajajajajajajaja",es,4.262283503,-74.24367099999999,city,Colombia,,366305467,121,False,ud,Thu Aug 27 04:16:39 +0000 2015,bogota colombia,"existe variedad de oportunidades para vivir; feliz, triste,estresado,despreocupado,amargado,pensativo.y la tuya cual es?"
33469,- lo bueno : pienso mucho en usted . - lo malo : la hijueputa distancia . - lo feo : yo .,es,3.5704285039999997,-76.3486225,city,Colombia,,713609742,124,False,ud,Thu Aug 27 05:02:20 +0000 2015,Palmira (Valle) ,"No se sabe cuanto se quiere a quien cerca está, hasta que se va, irrefutable verdad.


Canserbero eterno!"
33473,- ¿ y usted como gana puntos con su mamá ? - ayudando le a estudiar para los parciales,es,4.909635999,-74.0487635,city,Colombia,,537614453,1350,False,ud,Thu Aug 27 05:04:14 +0000 2015,Colombia,"''De la mano de Dios todo es posible''. 
Colombia"
33503,"- señorita , es usted la rubia ? - si , - le comunicamos que su avión viene demorado , hay qué lindo , ese es mi color favorito jajajajaja",es,6.270882997999999,-75.619213,city,Colombia,,1611896924,752,False,ud,Thu Aug 27 05:47:20 +0000 2015,colombia,Atletico Nacional
33505,- ¿ usted come carne o es tuitera ? - kztro x fabor .,es,6.139383498,-75.590644,city,Colombia,,331339371,732,False,ud,Thu Aug 27 05:50:47 +0000 2015,,Si está asustada le compro un gato. 03/02/13.
33802,- mija ¿ y usted trabaja en una floristería ? - no ¿ porque ? - ¿ y esa flor ? - ay papá respete a mi novio . - jajajajajajjajajaja echele agua .,es,4.262283503,-74.24367099999999,city,Colombia,,2660870526,287,False,ud,Sun Aug 30 00:00:25 +0000 2015,,"SIEMPRE SOLA SIEMPRE.

Ana & mia <U+2764>"
33810,"- pá , cuántos años vas a cumplir ? - mm .. 67 , cierto ? - yo no sé cuántos años tiene usted ni mi mamá , jajaa . : ç",es,4.262283503,-74.24367099999999,city,Colombia,,323543188,331,False,ud,Sun Aug 30 00:06:23 +0000 2015,Medellin. Colombia.,Y las palabras se volvían gotas de tinta que deslizaban por el papel como gotas de lluvia por el tejado.
33860,"- ¿ qué experiencia tiene usted como obrero ? - pues le digo "" mamacita "" a cualquier vieja que vea en la calle - ¡ contratado !",es,5.490470499,-73.38497,city,Colombia,,250939042,472,False,ud,Sun Aug 30 01:38:43 +0000 2015,"Tunja, Colombia",Soy de esas cosas parecidas al suspenso...  Est. Psicología UPTC. http://tuvozmedacalma.tumblr.com/
33953,- usted es igual que comer empanada con agua . + ¿ como ? . - una gonorrea D: .,es,4.262283503,-74.24367099999999,city,Colombia,,254197170,702,False,ud,Sun Aug 30 00:44:06 +0000 2015,,PDC<U+2665> Jaramishana<U+2665>Paisana<U+2665>
34006,- hagame caso mujer con bozo besa sabroso - pero usted es mi tío :(,es,6.270882997999999,-75.619213,city,Colombia,,1727168748,564,False,ud,Sun Aug 30 18:16:30 +0000 2015,,"Mateo, soy dj hablando, la banda sonora de mi vida es un poquito de folk, country, algo como Jake bugg, mi gran amor es mi perro."
34038,"- mi mamá : usted no fue capaz de heredar mi habilidad para los números . - yo : nooooo , gracias",es,4.7273025,-74.213188,city,Colombia,,166331990,181,False,ud,Sun Aug 30 18:40:39 +0000 2015,bogota,
34134,- tan mala usted - es que usted parece un violador,es,6.1780955010000005,-75.3280145,city,Colombia,,1487766576,245,False,ud,Sun Aug 30 20:12:29 +0000 2015,,
34341,- es que usted es muy malgeniada ... -,es,4.262283503,-74.24367099999999,city,Colombia,,557267726,796,False,ud,Sat Aug 15 17:06:43 +0000 2015,"Bogotá, Colombia",Se supone que aquí va algo importante.
34376,- que fastidio usted . -,es,5.665841997999999,-73.333641,city,Colombia,,1113047634,196,False,ud,Sat Aug 15 17:26:09 +0000 2015,,se vale soñar
34545,"- tengo muchos demonios - disculpe usted señorita anabelle , chao y por la sombrita .",es,10.95807288,-74.849933,city,Colombia,,2199960344,6255,False,ud,Sat Aug 15 19:37:30 +0000 2015,Venga y le digo.,¿Usted no sabe quién soy yo? || Magister en hablar verga. ||
34581,"- si hay una mujer aquí a la que he engañado y mentido , que hable - a mi ... - no usted no , otra .",es,6.270882997999999,-75.619213,city,Colombia,,136075815,243,False,ud,Mon Aug 17 00:33:48 +0000 2015,"Medellín, Antioquia",Araucano
34666,"- te vi en el toque - ah y no me saludaste ( "" y q me importa a usted no lo conozco hpta q le pasa "" in mi mente )",es,6.270882997999999,-75.619213,city,Colombia,,1727168748,554,False,ud,Mon Aug 17 00:24:55 +0000 2015,,"Mateo, soy dj hablando, la banda sonora de mi vida es Jake bugg, mi gran amor es mi perro."
34688,- tu novio no me parece lindo - es que a la que le tiene que gustar es a mi no a usted hijueputa,es,4.262283503,-74.24367099999999,city,Colombia,,1954786016,952,False,ud,Sun Aug 16 22:58:21 +0000 2015,,"La Primera Vez Que Te Vi, Honestamente No Sabia Que Ibas A Ser Tan Importante Para Mi *Larry Alejandro Latorre Giraldo*. 24' <U+2665><U+2665><U+2665>"
34726,"- usted conoce a paulina una que es rubia ? - no será paulina rubio ? - no , es que así aparece en tw - ah poulí , el que tiene rubio el pelito .",es,4.812912999,-75.73750600000001,city,Colombia,,178510966,289,False,ud,Sun Aug 16 23:30:37 +0000 2015,Pereira ,Keep Walking
34737,- ey cuando salga me cierta la puerta . - y porque no lo hace usted ? - esque quiero evitar la fatiga jaj,es,6.174511496,-75.6365725,city,Colombia,,1473403849,741,False,ud,Sun Aug 16 23:39:23 +0000 2015,"Medellín, Antioquia",Turn on the light.
34817,- mi amor usted tan linda * gracias - mamasita * hay tan bobo - estas mas buena que comer con la mano * jajajajajaja te pasaste maricon .,es,6.174511496,-75.6365725,city,Colombia,,483175351,177,False,ud,Sun Aug 16 22:29:26 +0000 2015,,Rugbier.
34830,"- señores pasajeros no los vengó a molestar , tan sólo vengó a improvisar . a ver usted , digame una palabra . - arracacha - ( . _ . ) ( . _ . ) ( . _ . )",es,4.262283503,-74.24367099999999,city,Colombia,,1012028881,330,False,ud,Sun Aug 16 16:02:26 +0000 2015,,#NAME?
34908,"- alguien vaya a la tienda + jonatan - está enfermo + usted , yo no iré - no hay para el desayuno , ok . yo voy , pero no me pida * mamá ignorada *",es,7.144792999,-73.132697,city,Colombia,,555539768,296,False,ud,Mon Aug 17 00:57:40 +0000 2015,Colombia,E&P
34987,"- uy daniel usted que ? - ay , paro ? - no , siga , que rico ! * yo bailando con marín *",es,6.270882997999999,-75.619213,city,Colombia,,812044165,302,False,ud,Mon Aug 17 16:40:20 +0000 2015,Medellin-Colombia,"Fotógrafo según el CESDE, puto según la gente."
34989,- ¿ parce a usted le gusta el rock en español ? - me encanta - ¿ y que opinas de los prisioneros ? - que están en la cárcel por algún delito .,es,6.270882997999999,-75.619213,city,Colombia,,1853007716,544,False,ud,Mon Aug 17 16:41:04 +0000 2015,WhatsApp: 3126149805,¡Deja que la música te lleve a ese lugar que siempre has soñado!
35193,- en un futuro yo quiero una vida junto a usted - yo no - por que - por que yo ya estoy viviendo mi vida junto a usted,es,4.155606001000001,-74.94623100000001,city,Colombia,,3429294527,6,False,ud,Sun Aug 23 00:23:22 +0000 2015,,
35212,- usted quien se cree ya para donde va callejero -,es,6.270882997999999,-75.619213,city,Colombia,,1727168748,562,False,ud,Sun Aug 23 00:36:38 +0000 2015,,"Mateo, soy dj hablando, la banda sonora de mi vida es Jake bugg, mi gran amor es mi perro."
35267,"- olvideme . - ¿ me enseña ? , usted como lo hace en una semana .",es,4.262283503,-74.24367099999999,city,Colombia,,2885026599,1342,False,ud,Sun Aug 23 01:16:48 +0000 2015,<U+2192>Edwin Laureano Rosa Vasquez<U+2190>,"¿Cambie? ¡SI!
Pero Nadie lo valoro entonces me volví la misma Gonorrea Que Era Antes <U+270C>"
35270,"- severo . - ¿ qué ? - una chimba . - ¿ qué ? - gustarle a usted , importarle , ser su prioridad , eso .",es,4.262283503,-74.24367099999999,city,Colombia,,2885026599,1342,False,ud,Sun Aug 23 01:17:31 +0000 2015,<U+2192>Edwin Laureano Rosa Vasquez<U+2190>,"¿Cambie? ¡SI!
Pero Nadie lo valoro entonces me volví la misma Gonorrea Que Era Antes <U+270C>"
35803,"- andrea usted que estudia comunicación , venga y le hace la tarea de redacción a la niña . - _ -",es,4.811547,-75.6123815,city,Colombia,,198024376,362,False,ud,Sun Aug 23 17:36:06 +0000 2015,,Estudiante de Comunicación Social-Periodismo @Uniquindio.
35843,"- respondame los mensajes , o si no me mató . - usted no es capaz , chao - ...",es,4.262283503,-74.24367099999999,city,Colombia,,208778526,1051,False,ud,Mon Aug 24 16:06:38 +0000 2015,Bogotá D.C,Mi carnet dice estudiante de ingeniería.
35859,- ¿ qué experiencia tiene usted como obrero ? - pues les digo piropos a todas las mujeres en la calle - ¡ contratado !,es,5.490470499,-73.38497,city,Colombia,,250939042,477,False,ud,Mon Aug 24 16:23:48 +0000 2015,"Tunja, Colombia",Soy de esas cosas parecidas al suspenso...  Est. Psicología UPTC. http://tuvozmedacalma.tumblr.com/
35896,"- que hizo parce , ¿ usted de que equipo es ? - de millos - agh , venga",es,5.878607,-73.0912995,city,Colombia,,1871761016,2482,False,ud,Mon Aug 24 17:04:39 +0000 2015,"Boyacá, Colombia",Vivo feliz detrás de un Frisbee.
35907,- ¿ tiene usted la seriedad y la madurez para asumir este empleo ? - shi : 3 * yo en una entrevista de trabajo *,es,4.262283503,-74.24367099999999,city,Colombia,,110266771,2175,False,ud,Mon Aug 24 17:16:01 +0000 2015,Pyrus - Genovia,"O sea yo: actor, bailarin, cantante profesional, en puntas, divino, multitalentoso, cuerpazo, modelo.....Hugh Jackman, johnny depp, Orlando Bloom!!!"
35942,- ya no olvidarás mis labios . - ni recuerdo haberme besado con usted !,es,4.812912999,-75.73750600000001,city,Colombia,,1239833880,250,False,ud,Mon Aug 24 17:46:22 +0000 2015,"pereira, colombia","¡LIBRE, UN VIAJE AL INSTANTE PRESENTE !   CON MIS PIES EN LA TIERRA Y MI CABEZA EN LAS NUBES."
36199,- bendiciones . - por eso robo a pirobos como usted .,es,4.262283503,-74.24367099999999,city,Colombia,,175245390,250,False,ud,Mon Aug 31 22:36:05 +0000 2015,Bogotá,(o_-)
36320,"- usted si es grosera , qué pereza . -",es,6.270882997999999,-75.619213,city,Colombia,,1311489667,270,False,ud,Mon Aug 31 23:38:40 +0000 2015,Medellin ,"Posiblemente me quisiera, vaya uno a saberlo, pero lo cierto es que tenia una habilidad especial para herirme.

http://facebook.com/tatianamejia12?"
36387,"- ¡ ah ! verdad que usted es de millos , gas . - yo soy de santa fe , usted es la de millos . @_acgr_ ' s style . jajajajajajaja . buenaaaaa .",es,4.262283503,-74.24367099999999,city,Colombia,,2473110143,1181,False,ud,Tue Sep 01 00:14:52 +0000 2015,Universidad de la Salle,"Just live your life <U+2663> - Muser as fuck - Parawhore - Ind. Santa fe || °) - Kind of singer & dancer - Lenguas modernas -
      « Potterhead/The Avengers »"
36396,"- pero usted y yo hacíamos linda pareja . - muy bien "" hacíamos "" que inteligente , bye .",es,6.139383498,-75.590644,city,Colombia,,524665948,1446,False,ud,Tue Sep 01 00:20:37 +0000 2015,Júpiter,"Real fan of @Cmdr_Hadfield  ? Elvis my love ? We are all infinite consciences - Love, peace, universe, flying objects and some rare herbs."
36651,"- usted no la queria ¿ sabe por que ? . - si la quiero . - no ! , por que uno no lastima a la persona que quiere .",es,4.262283503,-74.24367099999999,city,Colombia,,254197170,714,False,ud,Tue Sep 01 22:02:50 +0000 2015,,PDC<U+2665> Jaramishana<U+2665>Paisana<U+2665>
36737,- usted es una de las víctimas de larry cierto ? -,es,4.0882915,-73.4704055,city,Colombia,,61558366,359,False,ud,Tue Sep 01 23:41:17 +0000 2015,Villavicencio ,
36812,"- ¿ usted me ama ? - ¿ usted lo duda ? , osea mireme estoy aqui despues de tanto .",es,4.7273025,-74.213188,city,Colombia,,528536866,218,False,ud,Wed Sep 02 00:20:24 +0000 2015,BBM: 287670A8 ,"http://ask.fm/MrceMrales
http://www.facebook.com/mrcemrales.com.co"
36828,- oye te amo - yo te amo mas . - no me diga mentiras - usted empezó hijueputa .,es,5.056934001,-75.560285,city,Colombia,,3310998358,901,False,ud,Wed Sep 02 00:26:24 +0000 2015,"Manizales, Caldas","Lucha por lo que quieres, antes de que alguien mas lo haga por ti Wha: 3215802096 Respondo DM. <U+26BD>ONCE CALDAS<U+26BD>"
36964,"- idiota - amor - idiota como fue a hacer eso . ? - pues cuando una abejita y un ... - idiota usted no la quiere - mk que hago ? :'( - idiota , lo amo",es,4.262283503,-74.24367099999999,city,Colombia,,2278001139,1183,False,ud,Wed Sep 02 01:34:25 +0000 2015,,Piérdete en la bella fantasía del arte y la imaginación ... Dibuja ... 31.01.15
37046,"- mama , que hizo de comida ? - nada , usted ya esta muy grande prepárese algo - uyy noo , pero que es esa violencia ?",es,4.262283503,-74.24367099999999,city,Colombia,,1649292690,303,False,ud,Wed Sep 02 02:06:59 +0000 2015,"Bogotá, Colombia",palabras del alma y mestizo
37099,- ¿ sigues brava ? - ¿ usted qué cree ? - que deberíamos ir a comer en mi ferrari . - vamos papacito rico - unas empanaditas de mil - muerase sapo hpta,es,4.262283503,-74.24367099999999,city,Colombia,,3380898533,627,False,ud,Thu Sep 03 18:09:38 +0000 2015,,"De todo.
Riase, así sea conmigo o de mí.
Si me sigue muchas empanaditas para usted y su familia."
37204,"- ¿ trabaja usted con drogas ilícitas , esmeraldas u oro ? - no estaría comprando esta baratija .",es,6.270882997999999,-75.619213,city,Colombia,,14084473,4281,False,ud,Thu Sep 03 20:32:26 +0000 2015,"Medellín, CO.",SAP Developer Consultant. IoT Researcher. @keljoan's lover. No recess.
37274,"- usted no sabe de lo que soy capaz . - sí , sé que es capaz de decir muchas mentiras .",es,4.262283503,-74.24367099999999,city,Colombia,,372825509,1196,False,ud,Thu Sep 03 21:53:55 +0000 2015,anasomnia.com/,
37366,- hijo me voy a san andrés . - mamá pero estoy cojo y enfermo . - usted ya esta grande no moleste .,es,4.262283503,-74.24367099999999,city,Colombia,,2777781068,447,False,ud,Fri Sep 04 21:45:36 +0000 2015,Sobre la verga de mi tio.,"Culeo con mi tío por que con las mujeres es muy difícil,soy mal polvo,feo y me gusta la verga con muchas venas."
37436,"- es que usted es muy distraído - ¿ quien , que ? - usted - ¿ yo que ? - es todo distraído ¿ como así ? jaja hijueputa ¿ de que estamos hablando ?",es,4.262283503,-74.24367099999999,city,Colombia,,602388102,1371,False,ud,Fri Sep 04 23:07:53 +0000 2015,Bogotá-Colombia. ,SnapChat: Laurita_3006                      Tía de Juan.<U+2665>
37471,- se imagina - que - usted y yo de novios,es,4.262283503,-74.24367099999999,city,Colombia,,2953881298,135,False,ud,Sat Sep 05 19:25:02 +0000 2015,KENNEDY.,mucha risa para que no nos duela nada.
37668,"- mamá ¿ usted me ama ? - si , pero lave la loza - ¿ porqueeee me trataaas así , comoo si no fuera nadaa : c ?",es,3.421298498,-76.67783299999999,city,Colombia,,1115741976,301,False,ud,Sun Sep 06 21:07:47 +0000 2015,"Cali, Colombia <U+2665>",26/Julio..<U+2665> M-26-Cuba.
37677,"- mamii déjame a mi , yo no hago regueros - usted hace reguero , laura y nunca limpia - maaami dejameee * la deja * * hace el reguero más grande *",es,4.262283503,-74.24367099999999,city,Colombia,,1901421036,110,False,ud,Sun Sep 06 21:22:28 +0000 2015,"Bogotá, Colombia",.
37716,- jps mi amor te amo . - parce callese que oso usted agg si ve eso no lo saco,es,4.262283503,-74.24367099999999,city,Colombia,,1129663818,2687,False,ud,Sun Sep 06 22:10:46 +0000 2015,,"- TYRONE JOSE GONZALES ORAMAS<U+270C>
RAP poesía y revolución."
37730,"- señor , ¿ usted habla ruso ? - por supuestoski - no habla nada , ¿ cierto ? - para nadaski - ¡ váyase de aquí ! - ¡ hasta luegoski !",es,10.9981905,-74.89925699,city,Colombia,,1471434668,77,False,ud,Sun Sep 06 22:25:30 +0000 2015,En el paraíso,
37808,"- . roche ahí viene su traga - . ¿ que hago juanca ? - . yo de usted , me hago el dormido - .",es,5.056934001,-75.560285,city,Colombia,,2761471971,506,False,ud,Sun Sep 06 23:34:30 +0000 2015,,
37826,- y usted como se fue a comer ese g .. -,es,4.262283503,-74.24367099999999,city,Colombia,,72978127,693,False,ud,Sun Sep 06 23:49:14 +0000 2015,,"Periodista y futbolero. EL ARTE Y EL FÚTBOL NOS SALVAN. NO SE TOMEN TWITTER EN SERIO. Solo Millos,lokas. Hincha azul con humor negro."
37996,"- oiga papito , ¿ usted qué fue lo que estudio ? - arte , ¿ por qué ? - hágame el favor y le colabora a su primo a colorear el cuaderno -",es,5.056934001,-75.560285,city,Colombia,,298693931,328,False,ud,Mon Sep 07 20:47:42 +0000 2015,"Manizales, Colombia.",|50<U+2605> 03<U+2605> 2OC4<U+2605> 09<U+2605> 10<U+2605>| Del blanco como papá | @humoblanco11| @unManizales
38073,"- ¿ usted me quiere ? - jajaja , normal , usted me cae bien .",es,4.262283503,-74.24367099999999,city,Colombia,,1254789973,138,False,ud,Mon Sep 07 22:03:05 +0000 2015,Colombia,Whatsapp 3114676063                    Facebook Laura Alejandra                           Instagram  Lauraaaaa06
38075,"- usted es muy pasada conmigo , me hace mucho bullying -",es,7.063666499,-73.0964135,city,Colombia,,306856624,1219,False,ud,Mon Sep 07 22:04:18 +0000 2015,colombia,estas viendo mi biografia.
38088,- ¿ usted me quiere ? - si . - entonces ¿ porque hijueputas me saca tanto el mal genio ?,es,4.262283503,-74.24367099999999,city,Colombia,,1569639865,97,False,ud,Mon Sep 07 22:14:41 +0000 2015,"Bogotá, Colombia","DESPUÉS DE LA TORMENTA VIENE LA CALMA!                                                     Instagram: anggiie09



(W&A)<U+2764>"
38148,- daniel nunca tendras moto _que me importa - tampoco seras de los gonobikerreas _y usted usted uste ust ...,es,4.262283503,-74.24367099999999,city,Colombia,,629964431,60,False,ud,Mon Sep 07 23:24:42 +0000 2015, ,
38185,- no debería hacerlo . - ya se . - ¿ lo va a hacer vdd ? - obvio . @salamanqueja_ el problema somos nosotras . hahahhaha,es,4.262283503,-74.24367099999999,city,Colombia,,57363265,310,False,ud,Mon Sep 07 23:44:13 +0000 2015,Bogotá D.C.,Internacionalista  Queen#45  ¡Desde el sur y a la izquierda del planeta!
38196,"- dígale a su papá que está muy gordo . - mami dígale usted . - no , yo no le hablo dígale usted . - ay inmaduros chao .",es,6.270882997999999,-75.619213,city,Colombia,,2389596010,684,False,ud,Mon Sep 07 23:48:11 +0000 2015,"Sky, sometimes at see.","Tengo más ansiedad que amigos, el mundo está hecho de detalles. Parida en Urano."
38210,- hay no deja los celos _ primero la dejo a usted - hay no seas fastidioso fernando _ le dije si pilla sabe que chao hahahahahhaha,es,4.262283503,-74.24367099999999,city,Colombia,,629964431,60,False,ud,Tue Sep 08 00:00:53 +0000 2015, ,
38429,"- carné estudiantil - claro , mira - esa no es usted - ay , pero como que no . puespuespues",es,6.139383498,-75.590644,city,Colombia,,1228660766,129,False,ud,Tue Sep 08 21:08:06 +0000 2015,,
38702,"- parce , ya huele a diciembre , ¿ cierto ? - michael , usted lleva diciendo eso desde enero - aish :(",es,4.262283503,-74.24367099999999,city,Colombia,,126713275,1931,False,ud,Sun Sep 13 18:37:59 +0000 2015,"Bogota, Colombia",28/01/15 <U+2764>
38877,"- hola olvidón . - hola , ni que tuviera alzheimer lo que pasa es que usted no me importa hijueputa feo intenso fastidioso de mierda . bai <u+270b> .",es,4.656953498,-74.2470895,city,Colombia,,3398148621,58,False,ud,Mon Sep 14 13:45:53 +0000 2015,"Bogotá, Colombia","wha: 3123811866

insta: Kevcastillo14 
sigueme"
38992,"- estoy muy enamorado de ella . - ¿ cuanto llevan de novios ? - 1 mes . - . - ¿ acaso usted sabe cuanto llevamos hablando , y queriendo estar juntos ? .",es,5.038591498,-74.015434,city,Colombia,,625872185,1813,False,ud,Mon Sep 14 16:28:11 +0000 2015,,
39061,- se considera usted una persona sería y responsable ? - shii,es,7.6327169989999994,-73.78037049999999,city,Colombia,,968456251,252,False,ud,Fri Sep 18 17:04:09 +0000 2015,Barrancabermeja/Colombia,"Estudiante de Ing.Electrica UIS :3
CLARINETISTA SAXOFONISTA   AMANTE DE LA MÚSICA Y LA POESÍA Barcelona/Atl.Nacional <U+26BD>"
39136,- esas me caen mal . - a usted quien no le cae mal .,es,4.262283503,-74.24367099999999,city,Colombia,,113973597,231,False,ud,Fri Sep 18 18:17:27 +0000 2015,,
39427,"- puta - ¿ como me dijiste ? - a usted nada , pero al que le cae la chaqueta que se la ponga - pues a mi no me queda - ¿ además de puta gorda ?",es,4.262283503,-74.24367099999999,city,Colombia,,1158457531,725,False,ud,Sat Sep 19 18:23:39 +0000 2015,"Bogotá, Colombia",Te voy a amar.
39686,"- - ¿ señor usted cree que es libre ? - - claro - - ¿ porque ? - - porque puede elegir entrte coca cola y pepsi , caracol y rcn , - - ¿ seguro es libertad ?",es,4.567087498,-75.6021415,city,Colombia,,342839209,22793,False,ud,Sat Sep 26 00:16:21 +0000 2015,colombia,Si quiere leer algo bueno comprese un libro.
39691,"- - ¿ señor usted cree que es libre ? - - claro - - ¿ porque ? - - porque puedo elegir entrte coca cola y pepsi , caracol y rcn , - - ¿ seguro es libertad ?",es,4.567087498,-75.6021415,city,Colombia,,342839209,22793,False,ud,Sat Sep 26 00:18:06 +0000 2015,colombia,Si quiere leer algo bueno comprese un libro.
39696,"- mijo , porque no tiene novia ? - no se . - pero si usted es muy lindo . - gracias . - quiere mas comida ? - si abuela ... * la historia de mi vida *",es,4.262283503,-74.24367099999999,city,Colombia,,1161082388,627,False,ud,Sat Sep 26 00:23:18 +0000 2015,BOGOTA COLOMBIA,"Adicto al buen Rap Y Los Deportes, 20-01-2015 CANSERBERO VIVE Americano De Corazon Y Alma #PentaCampeon #LaEtnnia #CAN"
39799,"- mijo conteste que eso debe ser para usted . - no , pero si a mí nadie me llama . - jajajaja yo sé , páselo rápido más bien .",es,4.448673,-75.3155775,city,Colombia,,306575513,1052,False,ud,Sat Sep 26 17:40:50 +0000 2015,"Ibagué, Colombia ",Guitarrista.
39809,"- oye , es que me gustas mucho . - jajaja bien por usted , yo ya no me como ese cuento .",es,4.262283503,-74.24367099999999,city,Colombia,,1345575162,4708,False,ud,Sat Sep 26 17:56:42 +0000 2015,"Bogotá, Colombia",[OFICIAL] Frases para dedicar en 140 caracteres o menos | SARCASMO 100% | Error de la Naturaleza \ Mis Tweets son para Ustedes | <U+263A><U+2665>
39856,"- cuando cumplas 18 te llevo a fase 2 . - no papá , no quiero . - no importa si no quiere juliana usted también tiene que aportar a la casa .",es,6.270882997999999,-75.619213,city,Colombia,,349697954,72,False,ud,Sat Sep 26 20:30:05 +0000 2015,Venecia antióquia,"Nacío en medellin, fotógrafo de profecíon, pasión, amante del arte y las letras."
39867,"- keisy , su mamá no está , qué comemos ? - ah pá , usted qué sabe hacer ? . huevo y salchicha . - ah . - organicese y vamos por una hamburguesa . <3",es,6.360579502999999,-75.606961,city,Colombia,,486170183,565,False,ud,Sat Sep 26 20:38:13 +0000 2015,,"Amor a ciertas cosas. 11:22.<U+2708>
RAP y Ska."
39884,"- mija , usted ya tiene 16 años y nada que le llega el período ¿ vamos al médico ? - mamá , soy metalero",es,7.356692002000001,-72.6948055,city,Colombia,,3102379727,33,False,ud,Sat Sep 26 20:59:00 +0000 2015,Colombia,?Todo lo que necesitas son 20 segundos de coraje irracional. Literalmente 20 segundos de coraje irracional. Y te prometo que obtendrás algo mágnifico?
39912,"- hernán y usted que piensa de la vida ? - estudiar pa ' ayudar a mi familia . - y te vas a casar ? - no , también quiero ser feliz ...",es,3.407815498,-76.31917800000001,city,Colombia,,509133510,535,False,ud,Sat Sep 26 01:18:33 +0000 2015,Pradera Valle,Mando tweets por todo y en todo lado... es como si tuviera un trauma xD
39915,"- "" ella está enamorada de mi no de usted "" - jajaja se nota resto que me tiene que venir a dar importancia porque ni usted se lo cree .",es,4.681281499,-73.925527,city,Colombia,,85481204,195,False,ud,Sat Sep 26 01:22:33 +0000 2015,Bogotá,"Doy pinceladas de color a tu gris realidad. Soy mitad caballero, mitad bohemio y embustero.  No soy lo que un padre quiere para su hijita bebe /filósofo /"
39927,- oye te busca juan . - cual juan ? - el que te dejo el culo abierto ! jajajaja - pero ese fue alberto - si ve que usted es re perra .,es,4.262283503,-74.24367099999999,city,Colombia,,700308103,2681,False,ud,Sat Sep 26 01:35:43 +0000 2015,,"http://youtube.com/watch?v=-W22SD?
http://twitter.com/C17Brayan"
40049,- yo solo lo quiero a usted . -,es,5.056934001,-75.560285,city,Colombia,,2761471971,522,False,ud,Mon Sep 28 15:53:03 +0000 2015,,
40152,- y de donde es usted ? - de ciudad bolívar y usted ? - de patio bonito . - aaah ya . - entonces lo atraco o me atraca ? se propinan 35 puñaladas .,es,4.262283503,-74.24367099999999,city,Colombia,,481702852,182,False,ud,Mon Sep 28 18:43:28 +0000 2015,,Derecho - Universidad la Gran Colombia
40194,"- menos mal y usted es bien hetero , ¿ verdad hija ? - ( . _ . ) ( . _ . ) ( . _ . )",es,4.2622835,-74.24367099999999,city,Colombia,,2999819673,1177,False,ud,Mon Sep 28 19:30:37 +0000 2015,"Bogotá, Colombia",
40240,"- y es muy boleta ? - pues se la pasa viendo el vídeo del pollo frito - uy , y usted se siente orgulloso de estar con ella -",es,4.262283503,-74.24367099999999,city,Colombia,,3019087125,100,False,ud,Fri Jul 17 12:30:06 +0000 2015,,"MILLONARIOS FC <U+26BD>/
Guns N' Roses /
Snapchat: Oscarmfc/
Twitter: @mfc_oscar/
La locura es un estado que solo el loco entiende"
40294,- doctor ¿ que me recomienda para los cólicos ? - sexo anal - mi novio hablo con usted ¿ verdad ? - no ... yo no conozco a ningún flavio ! !,es,4.262283503,-74.24367099999999,city,Colombia,,146044193,1385,False,ud,Fri Jul 17 14:07:49 +0000 2015,bogota ,"Para mi sólo existen dos cosas importantes en la vida, la primera es el sexo y la segunda no me acuerdo"
40323,- mama por qué se demora tanto el almuerzo ? - es que cree que esto de cocinar es facil ? pues entonces hagalo usted -,es,4.448673,-75.3155775,city,Colombia,,2160538377,556,False,ud,Fri Jul 17 17:47:15 +0000 2015,"Bogotá, Colombia","Futuro Ingeniero Químico; Amante del Rock, Gamer, Pensador, Solitario y Antisocial."
40379,"- hola , me das un masglo ? - zángana ? - zangana usted ! * se agarran a uña y cachetadas *",es,4.262283503,-74.24367099999999,city,Colombia,,97963479,542,False,ud,Fri Jul 17 18:39:29 +0000 2015,Bogotá,"Un llanero más en la capital. No crean nada de lo que digo, todo es absurdo."
40476,"- es que usted es muy perro y coqueto . - no es asi , es que yo soy tierno . jajajajajajajajajjajajajajajajajajajjajaa",es,4.262283503,-74.24367099999999,city,Colombia,,256764551,1408,False,ud,Fri Jul 17 20:30:31 +0000 2015,,"Santafereño, Bogotano, Fotógrafo, Tadeista."
40532,- usted le tiene miedo a algo ? - que va el miedo es para los estúpidos que no se arriesgan por lo que quieren .,es,6.448029002,-73.2685195,city,Colombia,,3320193113,62,False,ud,Fri Jul 17 21:29:58 +0000 2015,,imag<U+2764> la felicidad es una decisión
40541,- usted tan linda y sin ... - sin que ? sin novio hay todos me dicen lo mismo - ah yo iba a decir que sin culo pero bueeee ',es,4.812912999,-75.73750600000001,city,Colombia,,2870717375,206,False,ud,Thu Jul 16 14:38:56 +0000 2015,,<U+2764> madre mi  vida entera <U+2764>mi best <U+2764> princesas <U+2764> locuras <U+2764> MUSICA <U+2764> Camila Grisales<U+2764> musica y MAS musica <U+2764>Comida <U+2764> las prima <U+2665> Mi flaco <U+2764>
40670,"- juan que pereza usted tan rayado ... - de malas hijueputa , no me hable entonces . -",es,4.977568499,-75.863214,city,Colombia,,475925311,3330,False,ud,Thu Jul 16 20:28:02 +0000 2015,Belalcázar - Pereira,Pecando en este mundo pagano desde 1991
40726,"- loco usted tiene bomba para el baño ? , y tal vez mas papel higiénico ? - #chaoyporaquinovuelva",es,3.3641819969999998,-76.49608,city,Colombia,,2278120278,27,False,ud,Thu Jul 16 21:37:37 +0000 2015,,"psicólogo en formación, amante de la buena salsa, contemplador del silencio que da destellos de genialidad"
40742,- ... usted me a vuelto a mentir ? - ... * uno en esta vida nace solo y muere solo . *,es,4.567087498,-75.6021415,city,Colombia,,2475597602,56,False,ud,Thu Jul 16 21:48:46 +0000 2015,WhatsApp: 3117781385 ,<U+270B>Shiempre<U+270B>
40764,- esas uñas negras son de satánicos . - usted tiene pinta de racista .,es,4.262283503,-74.24367099999999,city,Colombia,,225537660,7089,False,ud,Thu Jul 16 22:10:52 +0000 2015,Storybrooke,"«Drink to me, drink to my health, you know I can't drink anymore» IG:MilagrosElena_"
40814,- ¿ y las promesas donde quedaron ? - donde deje mis sentimientos por usted .,es,4.262283503,-74.24367099999999,city,Colombia,,2666279562,165,False,ud,Thu Jul 16 22:57:59 +0000 2015,,Hoy el sol se escondió y no quiso salir te vio despertar y le dio miedo de morir...
40946,"- estoy triste - ¿ y por qué ? - porque ud ya no me busca - ayy tannnn bobita , vaya y se esconde .",es,4.262283503,-74.24367099999999,city,Colombia,,3080728467,65,False,ud,Mon Jul 20 12:59:58 +0000 2015,"Bogotá, Colombia",
40962,- pero uno es vacano . - pero lastima que usted no las pille . - :-\,es,4.262283503,-74.24367099999999,city,Colombia,,3313790805,74,False,ud,Mon Jul 20 19:44:09 +0000 2015,planeta namekusein,"ñero:   la regla del parche es simple,  si se rompe uno ... 

Nos rompemos todos!!!!          !@#$%&"
41109,"- papi , papi , ¿ usted sabe la diferencia entre el papel higiénico y la cortina del baño ? - no mijo no se - ahhh , entonces fue usted , cochino",es,4.262283503,-74.24367099999999,city,Colombia,,187397892,140,False,ud,Wed Jul 15 17:07:30 +0000 2015,En algún lugar del planeta,"Un completo desocupado, que twittea lo que se le pasa por la cabeza, alumno de la UD un semestre más. Nothing on earth stays forever"
41305,- ay coma mierda . - venga me lo como a usted que bien rico si está . * yo con jeisson siempre *,es,4.262283503,-74.24367099999999,city,Colombia,,1888614956,2087,False,ud,Wed Jul 15 19:24:55 +0000 2015,"Mosquera, Cundinamarca",Juan Pablo Jaramillo Estrada <U+2661> Tyrone Jose González Orama <U+2661> Sonny John Moore <U+2661> Atlético Nacional <U+2661> Barcelona <U+2661> Comunicación Social y Periodismo <U+2661> Voleibol <U+2661>
41335,- venga le hago una pregunta - que ? - usted no se cansa de estar todo el tiempo en mi cabeza ?,es,4.262283503,-74.24367099999999,city,Colombia,,311101056,340,False,ud,Wed Jul 15 19:53:02 +0000 2015, colombia. ,Nada mas complaciente que un sueño ...<U+2728>
41616,- si usted no trabaja ¿ cómo hijueputas pago ese iphone 6 ? - pues,es,4.262283503,-74.24367099999999,city,Colombia,,422790150,364,False,ud,Thu Jul 16 13:14:48 +0000 2015,Bogotá/Colombia ,"Bien pueda, siga y llévese lo que pueda. Diseñadora Gráfica en @Another_skin Instagram: @pmartif"
41769,- leeme aqui + ammm no veo - si ve por no ponerse las gafas + no se donde estan - como asi ? usted bota todooo + o . o si señora estoy full ciega,es,4.262283503,-74.24367099999999,city,Colombia,,304201735,639,False,ud,Wed Jul 08 23:56:12 +0000 2015,Colombia,"BATMAN & JOKER <U+2665>
Snap: Tatianahiguerav
WA: 3002021217"
41779,- mama : imaginese jhoan su primo le perdió el semestre a su tía - menos mal usted paso rebien - ...,es,8.075581893999999,-72.4770928,city,Colombia,,847542014,364,False,ud,Thu Jul 09 00:03:13 +0000 2015,,?Colombia   ¡<U+0474><U+03B9>sca <U+0404>l ßarça!
41894,- si usted quiere que yo le ruegue - cojala por donde llego mi amor,es,4.262283503,-74.24367099999999,city,Colombia,,604089467,281,False,ud,Thu Jul 09 00:22:07 +0000 2015,,<U+2602><U+26BD><U+2606>R<U+0454><U+03BD>sl<U+03C5><U+03C2><U+03B9>s<U+0438> V<U+03B9><U+0438>s<U+0442><U+03B9><U+0438><U+0442>s S<U+03C5><U+044F> <U+2460><U+2468><U+2464><U+2463><U+2606><U+2602><U+26BD>
41926,- ¿ por qué estás triste ? - me dijo que nunca me fallaría . - ¿ y usted le creyó ? jajajajaj,es,4.262283503,-74.24367099999999,city,Colombia,,1317428989,144,False,ud,Thu Jul 09 01:07:09 +0000 2015,,"Nunca te enamores de un Putorraider, somos un asco y no creemos en el amor."
41972,- usted si es bien marica . - ¿ ah si ? por lo menos yo no soy un regonociferocanceroleprosomalpariculiprostiteton .,es,4.262283503,-74.24367099999999,city,Colombia,,2646360403,488,False,ud,Thu Jul 09 01:24:56 +0000 2015,,
42127,"- - menos mal mijo , ud este año se gradúa ya , no como el vago de su primo . - -",es,4.262283503,-74.24367099999999,city,Colombia,,613773998,496,False,ud,Sun Jul 12 16:50:30 +0000 2015,Bogotá,"Bienvenido , siga que si hay puestos , no hay cover y es hasta las 15."
42139,- y usted sabe quien se comió el tamal del desayuno -,es,4.262283503,-74.24367099999999,city,Colombia,,3311997555,20,False,ud,Sun Jul 12 17:00:40 +0000 2015,"Bogotá, Colombia",Y uno que hijueputas hace aca? :v
42169,- ¿ usted que toma ? - solo micheladitas má,es,4.262283503,-74.24367099999999,city,Colombia,,1539499075,336,False,ud,Sun Jul 12 18:20:43 +0000 2015,,Yo estoy en la luna y vos en Medellín.
42220,"- me encantas - a usted le encanta todo el hijueputa mundo , madure más bien .",es,4.448673,-75.3155775,city,Colombia,,2153935040,102,False,ud,Sun Jul 12 18:42:38 +0000 2015,,Edwin Camilo Molano Cutiva
42254,- menos mal a usted no le gustan las lesbianas guisas -,es,6.270882997999999,-75.619213,city,Colombia,,2556551847,811,False,ud,Sun Jul 12 18:59:49 +0000 2015,Envigado.  ,Tengo mas amor por Andrés Suárez que por cualquier otra persona en el mundo ATLETICO NACIONAL TODA UNA VIDA|ElGloriosoCúcutaDeportivo|Can|Ciencias políticas UPB
42260,- menos mal a usted no le gustan las niñas menores -,es,6.270882997999999,-75.619213,city,Colombia,,2556551847,812,False,ud,Sun Jul 12 19:03:52 +0000 2015,Envigado.  ,Tengo mas amor por Andrés Suárez que por cualquier otra persona en el mundo ATLETICO NACIONAL TODA UNA VIDA|ElGloriosoCúcutaDeportivo|Can|Ciencias políticas UPB
42332,"- que haces ? - escucho música - cual ? - flaca , me gusta ese tema - a mi tb , me dedicas ? - no puedo - porque ? - porque ud es gorda - :(",es,4.132556503,-76.2509195,city,Colombia,,776144323,267,False,ud,Sat Jul 18 11:11:09 +0000 2015,,
42333,"- usted está como pa ' darle como a rata - sí , qué rico - sí , con la escoba , ¡ fea !",es,4.132556503,-76.2509195,city,Colombia,,776144323,267,False,ud,Sat Jul 18 11:11:18 +0000 2015,,
42336,- ¿ porque hueles a cigarrillo ? - usted huele a chucha y que le digo ? - pero ... - calleseee y vallase ! !,es,7.063666499,-73.0964135,city,Colombia,,421215386,641,False,ud,Sat Jul 18 12:24:30 +0000 2015,Bucaramanga - Colombia ,Un mundo en Twitter. Taylor Gang #TGOD
42842,"- ¡ aló ! ¿ con cupido ? - si , con él . - ¿ parce yo a vos que te hice ? #nochedeletras #cupidoonline #failure",es,3.3641819969999998,-76.49608,city,Colombia,,468879701,201,False,vos,Wed Aug 05 00:05:23 +0000 2015,Cali-Colombia,"Wtf!!! #Calisthenics @BarBrotherSG ( / ^_^)/
¿Que estas pensando? Escribiendo... #HardBody"
42903,"- vos te enojas por todo ome . - dizque me enojo por todo , parce sabe que ya no me hable tengo rabia .",es,6.174511496,-75.6365725,city,Colombia,,2842776304,155,False,vos,Mon Aug 10 22:15:23 +0000 2015,,Vamos mi nacional sos el equipo de mis amores<U+266A>  Ajz3Años.
43048,"- voy a ir al concierto de "" mar antoni "" y vos no ! - a mis entradas para ver aterciopelados , bomba stereo y muse les importa un culo . * yo !",es,3.3641819969999998,-76.49608,city,Colombia,,73751269,210,False,vos,Thu Aug 27 00:36:19 +0000 2015,"cali, colombia",trust me i'm an architect!
43342,"- ¿ qué más ? ¿ qué me cuenta ? - nada , todo bien y ¿ vos ? - bien pero ¿ qué me cuenta ? - nada . _ . - mmm ¿ y qué más ? - - ¿ qué me cuenta ? - te me mueres .",es,6.270882997999999,-75.619213,city,Colombia,,1497312583,699,False,vos,Sun Aug 23 16:22:07 +0000 2015,La puta mierda.,Mi vida es tan emocionante como un boletín al consumidor. Una boba hijueputa en formación.
43574,- yo estoy a favor de la libertad de expresión . - y yo también . - vos te callas .,es,6.355258002,-75.51204,city,Colombia,,198174161,1853,False,vos,Sun Sep 06 21:28:48 +0000 2015,Medellín ,"Love yourself... 
17"
43636,- vos sabes muy bien lo que hiciste - @ zona activa radio,es,10.8392125,-74.814403,city,Colombia,,211695498,1454,False,vos,Mon Sep 07 21:06:14 +0000 2015,Malambo carrera 3 # 11G - 38,"Activando Tus Sentidos! Zona Activa Radio, Radio on line de la ciudad de Barranquilla líder impulsando artistas en todos los géneros. Pauta con nosotros."
43829,"- hazme sentir que estoy en el cielo , hazme ver las estrellas , hazme reír de la nada ... - no jodas ! vos queres novio o marihuana ? ? ?",es,2.437771999,-76.6415,city,Colombia,,75866143,915,False,vos,Sat Sep 26 02:01:52 +0000 2015,"Popayán, Colombia",Estudiante de odontología. <U+F8FF>
